trade_date,open
2021-06-15,7.7
2021-06-11,7.6
2021-06-10,7.53
2021-06-09,7.38
2021-06-08,7.39
2021-06-07,7.37
2021-06-04,7.5
2021-06-03,7.56
2021-06-02,7.35
2021-06-01,7.17
2021-05-31,7.37
2021-05-28,7.34
2021-05-27,7.3
2021-05-26,7.36
2021-05-25,7.34
2021-05-24,7.34
2021-05-21,7.0
2021-05-20,6.98
2021-05-19,7.91
2021-05-18,7.81
2021-05-17,7.7
2021-05-14,7.8
2021-05-13,7.9
2021-05-12,8.06
2021-05-11,8.0
2021-05-10,7.99
2021-05-07,7.73
2021-05-06,7.08
2021-04-30,7.15
2021-04-29,7.21
2021-04-28,6.93
2021-04-27,7.4
2021-04-26,7.09
2021-04-23,7.01
2021-04-22,7.14
2021-04-21,6.89
2021-04-20,6.86
2021-04-19,6.94
2021-04-16,6.68
2021-04-15,6.29
2021-04-14,6.36
2021-04-13,6.41
2021-04-12,6.65
2021-04-09,6.21
2021-04-08,6.47
2021-04-07,6.03
2021-04-06,6.06
2021-04-02,6.18
2021-04-01,6.21
2021-03-31,6.25
2021-03-30,6.17
2021-03-29,5.86
2021-03-26,5.89
2021-03-25,5.26
2021-03-24,5.25
2021-03-23,5.45
2021-03-22,5.39
2021-03-19,5.09
2021-03-18,5.2
2021-03-17,5.2
2021-03-16,5.36
2021-03-15,5.3
2021-03-12,5.16
2021-03-11,5.06
2021-03-10,5.09
2021-03-09,5.16
2021-03-08,5.15
2021-03-05,5.18
2021-03-04,5.16
2021-03-03,5.08
2021-03-02,5.01
2021-03-01,5.1
2021-02-26,4.78
2021-02-25,4.75
2021-02-24,4.61
2021-02-23,4.41
2021-02-22,4.46
2021-02-19,4.12
2021-02-18,4.07
2021-02-10,3.98
2021-02-09,3.86
2021-02-08,3.83
2021-02-05,3.88
2021-02-04,3.96
2021-02-03,4.01
2021-02-02,4.08
2021-02-01,4.04
2021-01-29,4.18
2021-01-28,4.28
2021-01-27,4.31
2021-01-26,4.36
2021-01-25,4.3
2021-01-22,4.5
2021-01-21,4.44
2021-01-20,4.5
2021-01-19,4.69
2021-01-18,4.69
2021-01-15,4.69
2021-01-14,4.77
2021-01-13,4.64
2021-01-12,4.46
2021-01-11,4.65
2021-01-08,4.79
2021-01-07,4.29
2021-01-06,4.3
2021-01-05,4.42
2021-01-04,4.43
2020-12-31,4.46
2020-12-30,4.33
2020-12-29,4.53
2020-12-28,4.51
2020-12-25,4.42
2020-12-24,4.44
2020-12-23,4.32
2020-12-22,4.53
2020-12-21,4.58
2020-12-18,4.4
2020-12-17,4.11
2020-12-16,4.14
2020-12-15,4.17
2020-12-14,4.31
2020-12-11,4.43
2020-12-10,4.34
2020-12-09,4.29
2020-12-08,4.3
2020-12-07,4.4
2020-12-04,4.42
2020-12-03,4.58
2020-12-02,4.46
2020-12-01,4.46
2020-11-30,4.46
2020-11-27,4.4
2020-11-26,4.45
2020-11-25,4.51
2020-11-24,4.47
2020-11-23,4.3
2020-11-20,4.23
2020-11-19,4.26
2020-11-18,4.24
2020-11-17,4.3
2020-11-16,4.16
2020-11-13,4.2
2020-11-12,4.21
2020-11-11,4.14
2020-11-10,4.25
2020-11-09,4.14
2020-11-06,4.06
2020-11-05,4.03
2020-11-04,4.07
2020-11-03,3.94
2020-11-02,3.93
2020-10-30,3.97
2020-10-29,3.95
2020-10-28,3.97
2020-10-27,3.99
2020-10-26,4.04
2020-10-23,4.06
2020-10-22,4.07
2020-10-21,4.08
2020-10-20,4.06
2020-10-19,4.18
2020-10-16,4.11
2020-10-15,4.04
2020-10-14,4.05
2020-10-13,4.08
2020-10-12,4.0
2020-10-09,3.96
2020-09-30,3.96
2020-09-29,4.0
2020-09-28,3.95
2020-09-25,3.94
2020-09-24,3.99
2020-09-23,4.05
2020-09-22,4.1
2020-09-21,4.14
2020-09-18,4.05
2020-09-17,4.07
2020-09-16,4.04
2020-09-15,4.05
2020-09-14,4.07
2020-09-11,4.12
2020-09-10,4.18
2020-09-09,4.1
2020-09-08,4.03
2020-09-07,4.1
2020-09-04,4.07
2020-09-03,4.1
2020-09-02,4.13
2020-09-01,4.07
2020-08-31,4.11
2020-08-28,4.05
2020-08-27,4.06
2020-08-26,4.07
2020-08-25,4.12
2020-08-24,4.1
2020-08-21,4.15
2020-08-20,4.19
2020-08-19,4.23
2020-08-18,4.19
2020-08-17,4.1
2020-08-14,4.07
2020-08-13,4.06
2020-08-12,4.05
2020-08-11,4.11
2020-08-10,4.04
2020-08-07,4.11
2020-08-06,4.12
2020-08-05,4.16
2020-08-04,4.17
2020-08-03,4.13
2020-07-31,4.15
2020-07-30,4.17
2020-07-29,4.08
2020-07-28,4.11
2020-07-27,4.11
2020-07-24,4.2
2020-07-23,4.12
2020-07-22,4.14
2020-07-21,4.2
2020-07-20,4.05
2020-07-17,4.08
2020-07-16,4.17
2020-07-15,4.32
2020-07-14,4.31
2020-07-13,4.22
2020-07-10,4.35
2020-07-09,4.33
2020-07-08,4.2
2020-07-07,4.4
2020-07-06,4.2
2020-07-03,4.01
2020-07-02,3.88
2020-07-01,3.8
2020-06-30,3.8
2020-06-29,3.84
2020-06-24,3.86
2020-06-23,3.87
2020-06-22,3.9
2020-06-19,3.93
2020-06-18,3.82
2020-06-17,3.78
2020-06-16,3.75
2020-06-15,3.73
2020-06-12,3.76
2020-06-11,3.82
2020-06-10,3.83
2020-06-09,3.85
2020-06-08,3.84
2020-06-05,3.86
2020-06-04,3.88
2020-06-03,3.86
2020-06-02,3.83
2020-06-01,3.78
2020-05-29,3.84
2020-05-28,3.84
2020-05-27,3.74
2020-05-26,3.71
2020-05-25,3.69
2020-05-22,3.76
2020-05-21,3.8
2020-05-20,3.81
2020-05-19,3.78
2020-05-18,3.75
2020-05-15,3.77
2020-05-14,3.76
2020-05-13,3.78
2020-05-12,3.8
2020-05-11,3.81
2020-05-08,3.8
2020-05-07,3.84
2020-05-06,3.78
2020-04-30,3.78
2020-04-29,3.75
2020-04-28,3.84
2020-04-27,3.83
2020-04-24,3.85
2020-04-23,3.89
2020-04-22,3.85
2020-04-21,3.93
2020-04-20,3.95
2020-04-17,3.95
2020-04-16,3.94
2020-04-15,3.98
2020-04-14,3.96
2020-04-13,3.95
2020-04-10,4.02
2020-04-09,4.02
2020-04-08,3.99
2020-04-07,3.98
2020-04-03,3.98
2020-04-02,3.93
2020-04-01,3.98
2020-03-31,4.01
2020-03-30,4.03
2020-03-27,4.05
2020-03-26,4.06
2020-03-25,4.08
2020-03-24,4.06
2020-03-23,4.05
2020-03-20,4.08
2020-03-19,4.11
2020-03-18,4.21
2020-03-17,4.18
2020-03-16,4.29
2020-03-13,4.24
2020-03-12,4.34
2020-03-11,4.43
2020-03-10,4.31
2020-03-09,4.43
2020-03-06,4.53
2020-03-05,4.52
2020-03-04,4.45
2020-03-03,4.52
2020-03-02,4.32
2020-02-28,4.4
2020-02-27,4.48
2020-02-26,4.33
2020-02-25,4.4
2020-02-24,4.52
2020-02-21,4.54
2020-02-20,4.51
2020-02-19,4.45
2020-02-18,4.46
2020-02-17,4.38
2020-02-14,4.35
2020-02-13,4.39
2020-02-12,4.39
2020-02-11,4.34
2020-02-10,4.27
2020-02-07,4.33
2020-02-06,4.31
2020-02-05,4.25
2020-02-04,4.17
2020-02-03,4.2
2020-01-23,4.74
2020-01-22,4.78
2020-01-21,4.88
2020-01-20,4.92
2020-01-17,4.86
2020-01-16,4.89
2020-01-15,4.95
2020-01-14,4.97
2020-01-13,4.96
2020-01-10,5.02
2020-01-09,5.02
2020-01-08,5.15
2020-01-07,5.11
2020-01-06,5.04
2020-01-03,5.05
2020-01-02,5.04
2019-12-31,5.01
2019-12-30,4.89
2019-12-27,4.84
2019-12-26,4.82
2019-12-25,4.86
2019-12-24,4.82
2019-12-23,4.89
2019-12-20,4.92
2019-12-19,4.88
2019-12-18,4.87
2019-12-17,4.82
2019-12-16,4.82
2019-12-13,4.8
2019-12-12,4.78
2019-12-11,4.79
2019-12-10,4.78
2019-12-09,4.75
2019-12-06,4.75
2019-12-05,4.77
2019-12-04,4.79
2019-12-03,4.82
2019-12-02,4.83
2019-11-29,4.81
2019-11-28,4.89
2019-11-27,4.87
2019-11-26,4.88
2019-11-25,4.72
2019-11-22,4.66
2019-11-21,4.66
2019-11-20,4.69
2019-11-19,4.7
2019-11-18,4.65
2019-11-15,4.77
2019-11-14,4.87
2019-11-13,4.92
2019-11-12,4.79
2019-11-11,4.81
2019-11-08,4.89
2019-11-07,4.87
2019-11-06,4.9
2019-11-05,4.92
2019-11-04,4.73
2019-11-01,4.66
2019-10-31,4.82
2019-10-30,4.78
2019-10-29,4.82
2019-10-28,4.83
2019-10-25,4.8
2019-10-24,4.77
2019-10-23,4.84
2019-10-22,4.71
2019-10-21,4.76
2019-10-18,4.84
2019-10-17,4.88
2019-10-16,4.88
2019-10-15,4.98
2019-10-14,5.05
2019-10-11,4.94
2019-10-10,4.96
2019-10-09,4.8
2019-10-08,4.88
2019-09-30,4.82
2019-09-27,4.83
2019-09-26,4.89
2019-09-25,4.85
2019-09-24,4.84
2019-09-23,4.87
2019-09-20,4.93
2019-09-19,5.0
2019-09-18,5.0
2019-09-17,5.1
2019-09-16,5.15
2019-09-12,5.15
2019-09-11,5.23
2019-09-10,5.23
2019-09-09,5.22
2019-09-06,5.18
2019-09-05,5.17
2019-09-04,5.13
2019-09-03,5.07
2019-09-02,4.9
2019-08-30,4.88
2019-08-29,4.76
2019-08-28,4.66
2019-08-27,4.48
2019-08-26,4.35
2019-08-23,4.36
2019-08-22,4.36
2019-08-21,4.36
2019-08-20,4.36
2019-08-19,4.29
2019-08-16,4.27
2019-08-15,4.25
2019-08-14,4.3
2019-08-13,4.26
2019-08-12,4.24
2019-08-09,4.29
2019-08-08,4.27
2019-08-07,4.26
2019-08-06,4.37
2019-08-05,4.54
2019-08-02,4.6
2019-08-01,4.66
2019-07-31,4.69
2019-07-30,4.68
2019-07-29,4.69
2019-07-26,4.68
2019-07-25,4.69
2019-07-24,4.71
2019-07-23,4.63
2019-07-22,4.71
2019-07-19,4.64
2019-07-18,4.68
2019-07-17,4.68
2019-07-16,4.67
2019-07-15,4.69
2019-07-12,4.72
2019-07-11,4.7
2019-07-10,4.72
2019-07-09,4.71
2019-07-08,4.82
2019-07-05,4.83
2019-07-04,4.84
2019-07-03,4.87
2019-07-02,4.88
2019-07-01,4.85
2019-06-28,4.85
2019-06-27,4.85
2019-06-26,4.84
2019-06-25,4.9
2019-06-24,4.88
2019-06-21,4.86
2019-06-20,4.8
2019-06-19,4.86
2019-06-18,4.77
2019-06-17,4.74
2019-06-14,4.78
2019-06-13,4.77
2019-06-12,4.75
2019-06-11,4.66
2019-06-10,4.6
2019-06-06,4.66
2019-06-05,4.69
2019-06-04,4.69
2019-06-03,4.78
2019-05-31,4.8
2019-05-30,4.78
2019-05-29,4.77
2019-05-28,4.8
2019-05-27,4.77
2019-05-24,4.74
2019-05-23,4.77
2019-05-22,4.84
2019-05-21,4.76
2019-05-20,4.76
2019-05-17,4.87
2019-05-16,4.85
2019-05-15,4.83
2019-05-14,4.82
2019-05-13,4.84
2019-05-10,4.82
2019-05-09,4.79
2019-05-08,4.78
2019-05-07,4.83
2019-05-06,5.03
2019-04-30,5.03
2019-04-29,5.09
2019-04-26,5.2
2019-04-25,5.32
2019-04-24,5.3
2019-04-23,5.31
2019-04-22,5.51
2019-04-19,5.33
2019-04-18,5.33
2019-04-17,5.29
2019-04-16,5.18
2019-04-15,5.24
2019-04-12,5.18
2019-04-11,5.22
2019-04-10,5.24
2019-04-09,5.32
2019-04-08,5.35
2019-04-04,5.3
2019-04-03,5.22
2019-04-02,5.25
2019-04-01,5.21
2019-03-29,4.98
2019-03-28,5.03
2019-03-27,5.03
2019-03-26,5.12
2019-03-25,5.17
2019-03-22,5.26
2019-03-21,5.24
2019-03-20,5.28
2019-03-19,5.33
2019-03-18,5.24
2019-03-15,5.19
2019-03-14,5.18
2019-03-13,5.29
2019-03-12,5.27
2019-03-11,5.13
2019-03-08,5.3
2019-03-07,5.37
2019-03-06,5.24
2019-03-05,5.22
2019-03-04,5.2
2019-03-01,5.17
2019-02-28,5.18
2019-02-27,5.14
2019-02-26,5.06
2019-02-25,4.86
2019-02-22,4.8
2019-02-21,4.87
2019-02-20,4.8
2019-02-19,4.8
2019-02-18,4.73
2019-02-15,4.76
2019-02-14,4.79
2019-02-13,4.73
2019-02-12,4.69
2019-02-11,4.64
2019-02-01,4.61
2019-01-31,4.59
2019-01-30,4.63
2019-01-29,4.7
2019-01-28,4.72
2019-01-25,4.73
2019-01-24,4.74
2019-01-23,4.78
2019-01-22,4.85
2019-01-21,4.85
2019-01-18,4.82
2019-01-17,4.78
2019-01-16,4.79
2019-01-15,4.77
2019-01-14,4.78
2019-01-11,4.77
2019-01-10,4.81
2019-01-09,4.81
2019-01-08,4.79
2019-01-07,4.75
2019-01-04,4.65
2019-01-03,4.61
2019-01-02,4.66
2018-12-28,4.62
2018-12-27,4.63
2018-12-26,4.62
2018-12-25,4.74
2018-12-24,4.75
2018-12-21,4.74
2018-12-20,4.77
2018-12-19,4.79
2018-12-18,4.84
2018-12-17,4.9
2018-12-14,4.92
2018-12-13,4.91
2018-12-12,4.92
2018-12-11,4.91
2018-12-10,4.88
2018-12-07,4.89
2018-12-06,4.92
2018-12-05,4.95
2018-12-04,4.99
2018-12-03,5.01
2018-11-30,4.9
2018-11-29,4.95
2018-11-28,4.93
2018-11-27,4.97
2018-11-26,4.92
2018-11-23,5.08
2018-11-22,5.1
2018-11-21,5.07
2018-11-20,5.23
2018-11-19,5.22
2018-11-16,5.23
2018-11-15,5.17
2018-11-14,5.2
2018-11-13,5.21
2018-11-12,5.16
2018-11-09,5.16
2018-11-08,5.24
2018-11-07,5.26
2018-11-06,5.35
2018-11-05,5.3
2018-11-02,5.36
2018-11-01,5.27
2018-10-31,5.19
2018-10-30,5.23
2018-10-29,5.33
2018-10-26,5.22
2018-10-25,5.07
2018-10-24,4.98
2018-10-23,5.08
2018-10-22,4.8
2018-10-19,4.7
2018-10-18,5.09
2018-10-17,5.09
2018-10-16,5.03
2018-10-15,5.09
2018-10-12,4.97
2018-10-11,5.16
2018-10-10,5.29
2018-10-09,5.24
2018-10-08,5.2
2018-09-28,5.25
2018-09-27,5.24
2018-09-26,5.21
2018-09-25,5.16
2018-09-21,5.05
2018-09-20,5.12
2018-09-19,5.04
2018-09-18,5.0
2018-09-17,5.01
2018-09-14,5.04
2018-09-13,5.01
2018-09-12,4.98
2018-09-11,5.02
2018-09-10,5.14
2018-09-07,5.05
2018-09-06,4.97
2018-09-05,5.13
2018-09-04,5.13
2018-09-03,5.03
2018-08-31,5.07
2018-08-30,5.14
2018-08-29,5.09
2018-08-28,5.07
2018-08-27,5.01
2018-08-24,4.95
2018-08-23,4.98
2018-08-22,4.96
2018-08-21,4.89
2018-08-20,4.86
2018-08-17,4.91
2018-08-16,4.9
2018-08-15,5.04
2018-08-14,4.95
2018-08-13,4.97
2018-08-10,5.04
2018-08-09,4.97
2018-08-08,5.04
2018-08-07,4.95
2018-08-06,5.0
2018-08-03,4.78
2018-08-02,4.85
2018-08-01,4.97
2018-07-31,4.98
2018-07-30,4.97
2018-07-27,4.91
2018-07-26,4.94
2018-07-25,4.92
2018-07-24,4.81
2018-07-23,4.7
2018-07-20,4.61
2018-07-19,4.59
2018-07-18,4.65
2018-07-17,4.7
2018-07-16,4.69
2018-07-13,4.66
2018-07-12,4.59
2018-07-11,4.58
2018-07-10,4.63
2018-07-09,4.53
2018-07-06,4.57
2018-07-05,4.74
2018-07-04,4.71
2018-07-03,4.69
2018-07-02,4.81
2018-06-29,4.77
2018-06-28,4.83
2018-06-27,4.87
2018-06-26,4.88
2018-06-25,4.96
2018-06-22,4.73
2018-06-21,4.81
2018-06-20,4.68
2018-06-19,4.98
2018-06-15,4.96
2018-06-14,4.93
2018-06-13,4.95
2018-06-12,4.91
2018-06-11,4.89
2018-06-08,5.04
2018-06-07,5.03
2018-06-06,4.97
2018-06-05,4.97
2018-06-04,4.97
2018-06-01,4.9
2018-05-31,4.92
2018-05-30,5.0
2018-05-29,5.06
2018-05-28,5.03
2018-05-25,5.08
2018-05-24,5.13
2018-05-23,5.25
2018-05-22,5.3
2018-05-21,5.3
2018-05-18,5.13
2018-05-17,5.18
2018-05-16,5.16
2018-05-15,5.17
2018-05-14,5.22
2018-05-11,5.22
2018-05-10,5.19
2018-05-09,5.18
2018-05-08,5.18
2018-05-07,5.1
2018-05-04,5.04
2018-05-03,5.03
2018-05-02,5.0
2018-04-27,4.95
2018-04-26,5.02
2018-04-25,5.01
2018-04-24,4.94
2018-04-23,4.92
2018-04-20,5.0
2018-04-19,4.98
2018-04-18,4.99
2018-04-17,4.98
2018-04-16,5.05
2018-04-13,5.06
2018-04-12,5.1
2018-04-11,5.13
2018-04-10,5.03
2018-04-09,5.0
2018-04-04,5.04
2018-04-03,5.07
2018-04-02,5.12
2018-03-30,5.14
2018-03-29,5.05
2018-03-28,5.09
2018-03-27,5.13
2018-03-26,5.09
2018-03-23,5.26
2018-03-22,5.42
2018-03-21,5.48
2018-03-20,5.43
2018-03-19,5.58
2018-03-16,5.64
2018-03-15,5.66
2018-03-14,5.65
2018-03-13,5.73
2018-03-12,5.69
2018-03-09,5.67
2018-03-08,5.62
2018-03-07,5.72
2018-03-06,5.56
2018-03-05,5.64
2018-03-02,5.6
2018-03-01,5.57
2018-02-28,5.55
2018-02-27,5.7
2018-02-26,5.73
2018-02-23,5.54
2018-02-22,5.48
2018-02-14,5.42
2018-02-13,5.46
2018-02-12,5.4
2018-02-09,5.68
2018-02-08,6.02
2018-02-07,6.2
2018-02-06,6.19
2018-02-05,6.08
2018-02-02,5.89
2018-02-01,6.16
2018-01-31,6.23
2018-01-30,6.3
2018-01-29,6.28
2018-01-26,6.25
2018-01-25,6.17
2018-01-24,6.16
2018-01-23,6.16
2018-01-22,6.13
2018-01-19,6.12
2018-01-18,6.12
2018-01-17,6.05
2018-01-16,5.94
2018-01-15,6.04
2018-01-12,6.01
2018-01-11,6.1
2018-01-10,6.15
2018-01-09,6.16
2018-01-08,5.98
2018-01-05,5.9
2018-01-04,5.79
2018-01-03,5.81
2018-01-02,5.72
2017-12-29,5.74
2017-12-28,5.64
2017-12-27,5.59
2017-12-26,5.58
2017-12-25,5.66
2017-12-22,5.66
2017-12-21,5.71
2017-12-20,5.75
2017-12-19,5.76
2017-12-18,5.66
2017-12-15,5.71
2017-12-14,5.66
2017-12-13,5.73
2017-12-12,5.85
2017-12-11,5.85
2017-12-08,5.83
2017-12-07,5.82
2017-12-06,5.78
2017-12-05,5.87
2017-12-04,5.87
2017-12-01,5.88
2017-11-30,5.91
2017-11-29,5.85
2017-11-28,5.73
2017-11-27,5.73
2017-11-24,5.61
2017-11-23,5.76
2017-11-22,5.67
2017-11-21,5.63
2017-11-20,5.62
2017-11-17,5.75
2017-11-16,5.81
2017-11-15,5.88
2017-11-14,5.86
2017-11-13,5.8
2017-11-10,5.89
2017-11-09,5.87
2017-11-08,5.85
2017-11-07,5.75
2017-11-06,5.76
2017-11-03,5.84
2017-11-02,5.87
2017-11-01,5.91
2017-10-31,5.85
2017-10-30,5.93
2017-10-27,6.03
2017-10-26,6.0
2017-10-25,5.98
2017-10-24,5.97
2017-10-23,5.96
2017-10-20,5.91
2017-10-19,6.05
2017-10-18,6.18
2017-10-17,6.2
2017-10-16,6.26
2017-10-13,6.22
2017-10-12,6.31
2017-10-11,6.23
2017-10-10,6.25
2017-10-09,6.26
2017-09-29,6.19
2017-09-28,6.24
2017-09-27,6.23
2017-09-26,6.21
2017-09-25,6.27
2017-09-22,6.33
2017-09-21,6.4
2017-09-20,6.32
2017-09-19,6.37
2017-09-18,6.28
2017-09-15,6.48
2017-09-14,6.58
2017-09-13,6.56
2017-09-12,6.67
2017-09-11,6.41
2017-09-08,6.47
2017-09-07,6.57
2017-09-06,6.55
2017-09-05,6.63
2017-09-04,6.77
2017-09-01,6.67
2017-08-31,6.59
2017-08-30,6.46
2017-08-29,6.46
2017-08-28,6.38
2017-08-25,6.28
2017-08-24,6.26
2017-08-23,6.31
2017-08-22,6.41
2017-08-21,6.42
2017-08-18,6.3
2017-08-17,6.2
2017-08-16,6.14
2017-08-15,6.14
2017-08-14,6.15
2017-08-11,6.58
2017-08-10,6.79
2017-08-09,6.64
2017-08-08,6.68
2017-08-07,6.38
2017-08-04,6.39
2017-08-03,6.31
2017-08-02,6.25
2017-08-01,6.32
2017-07-31,6.15
2017-07-28,6.1
2017-07-27,6.28
2017-07-26,6.31
2017-07-25,6.35
2017-07-24,6.43
2017-07-21,6.43
2017-07-20,6.56
2017-07-19,6.22
2017-07-18,6.0
2017-07-17,6.0
2017-07-14,6.0
2017-07-13,5.95
2017-07-12,5.95
2017-07-11,6.04
2017-07-10,6.0
2017-07-07,5.96
2017-07-06,5.92
2017-07-05,5.86
2017-07-04,5.97
2017-07-03,5.89
2017-06-30,5.87
2017-06-29,5.85
2017-06-28,5.81
2017-06-27,5.8
2017-06-26,5.67
2017-06-23,5.73
2017-06-22,5.71
2017-06-21,5.75
2017-06-20,5.71
2017-06-19,5.58
2017-06-16,5.57
2017-06-15,5.55
2017-06-14,5.55
2017-06-13,5.41
2017-06-12,5.51
2017-06-09,5.49
2017-06-08,5.45
2017-06-07,5.41
2017-06-06,5.38
2017-06-05,5.4
2017-06-02,5.24
2017-06-01,5.29
2017-05-31,5.41
2017-05-26,5.37
2017-05-25,5.25
2017-05-24,5.22
2017-05-23,5.3
2017-05-22,5.35
2017-05-19,5.33
2017-05-18,5.31
2017-05-17,5.34
2017-05-16,5.27
2017-05-15,5.26
2017-05-12,5.25
2017-05-11,5.32
2017-05-10,5.42
2017-05-09,5.4
2017-05-08,5.4
2017-05-05,5.6
2017-05-04,5.73
2017-05-03,5.81
2017-05-02,5.84
2017-04-28,5.78
2017-04-27,5.77
2017-04-26,5.77
2017-04-25,5.7
2017-04-24,5.76
2017-04-21,5.75
2017-04-20,5.77
2017-04-19,5.85
2017-04-18,6.02
2017-04-17,6.06
2017-04-14,6.17
2017-04-13,6.08
2017-04-12,6.12
2017-04-11,6.18
2017-04-10,6.11
2017-04-07,6.14
2017-04-06,6.16
2017-04-05,6.15
2017-03-31,6.03
2017-03-30,6.0
2017-03-29,5.91
2017-03-28,5.88
2017-03-27,5.93
2017-03-24,5.93
2017-03-23,5.95
2017-03-22,5.95
2017-03-21,6.02
2017-03-20,6.02
2017-03-17,5.92
2017-03-16,5.89
2017-03-15,5.85
2017-03-14,5.86
2017-03-13,5.83
2017-03-10,5.86
2017-03-09,6.02
2017-03-08,6.1
2017-03-07,6.08
2017-03-06,6.04
2017-03-03,6.02
2017-03-02,6.15
2017-03-01,6.07
2017-02-28,6.05
2017-02-27,6.11
2017-02-24,6.14
2017-02-23,6.24
2017-02-22,6.22
2017-02-21,6.27
2017-02-20,6.17
2017-02-17,6.29
2017-02-16,6.12
2017-02-15,6.21
2017-02-14,6.16
2017-02-13,6.15
2017-02-10,6.0
2017-02-09,5.95
2017-02-08,5.87
2017-02-07,5.85
2017-02-06,5.9
2017-02-03,6.0
2017-01-26,5.94
2017-01-25,5.96
2017-01-24,5.89
2017-01-23,5.86
2017-01-20,5.79
2017-01-19,5.77
2017-01-18,5.72
2017-01-17,5.66
2017-01-16,5.7
2017-01-13,5.74
2017-01-12,5.85
2017-01-11,5.92
2017-01-10,5.86
2017-01-09,5.84
2017-01-06,5.86
2017-01-05,5.87
2017-01-04,5.84
2017-01-03,5.84
2016-12-30,5.83
2016-12-29,5.75
2016-12-28,5.8
2016-12-27,5.74
2016-12-26,5.72
2016-12-23,5.79
2016-12-22,5.78
2016-12-21,5.7
2016-12-20,5.74
2016-12-19,5.79
2016-12-16,5.87
2016-12-15,5.88
2016-12-14,5.9
2016-12-13,5.98
2016-12-12,6.09
2016-12-09,6.1
2016-12-08,6.18
2016-12-07,6.1
2016-12-06,6.18
2016-12-05,6.14
2016-12-02,6.25
2016-12-01,6.26
2016-11-30,6.42
2016-11-29,6.6
2016-11-28,6.55
2016-11-25,6.55
2016-11-24,6.67
2016-11-23,6.73
2016-11-22,6.67
2016-11-21,6.59
2016-11-18,6.7
2016-11-17,6.58
2016-11-16,6.71
2016-11-15,6.91
2016-11-14,6.67
2016-11-11,6.75
2016-11-10,6.6
2016-11-09,6.5
2016-11-08,6.64
2016-11-07,6.62
2016-11-04,6.54
2016-11-03,6.41
2016-11-02,6.61
2016-11-01,6.63
2016-10-31,6.61
2016-10-28,6.6
2016-10-27,6.68
2016-10-26,6.85
2016-10-25,6.88
2016-10-24,6.05
2016-10-21,5.87
2016-10-20,5.91
2016-10-19,6.01
2016-10-18,5.77
2016-10-17,5.86
2016-10-14,5.8
2016-10-13,5.79
2016-10-12,5.81
2016-10-11,5.72
2016-10-10,5.75
2016-09-30,5.63
2016-09-29,5.6
2016-09-28,5.64
2016-09-27,5.52
2016-09-26,5.6
2016-09-23,5.64
2016-09-22,5.6
2016-09-21,5.55
2016-09-20,5.52
2016-09-19,5.45
2016-09-14,5.53
2016-09-13,5.59
2016-09-12,5.55
2016-09-09,5.68
2016-09-08,5.62
2016-09-07,5.7
2016-09-06,5.64
2016-09-05,5.55
2016-09-02,5.56
2016-09-01,5.57
2016-08-31,5.58
2016-08-30,5.52
2016-08-29,5.55
2016-08-26,5.58
2016-08-25,5.54
2016-08-24,5.59
2016-08-23,5.62
2016-08-22,5.66
2016-08-19,5.83
2016-08-18,5.87
2016-08-17,5.93
2016-08-16,5.86
2016-08-15,5.82
2016-08-12,5.72
2016-08-11,5.87
2016-08-10,5.87
2016-08-09,5.88
2016-08-08,5.83
2016-08-05,5.68
2016-08-04,5.66
2016-08-03,5.61
2016-08-02,5.76
2016-08-01,5.58
2016-07-29,5.51
2016-07-28,5.42
2016-07-27,5.66
2016-07-26,5.5
2016-07-25,5.49
2016-07-22,5.59
2016-07-21,5.54
2016-07-20,5.66
2016-07-19,5.61
2016-07-18,5.7
2016-07-15,5.64
2016-07-14,5.74
2016-07-13,5.6
2016-07-12,5.55
2016-07-11,5.33
2016-07-08,5.41
2016-07-07,5.45
2016-07-06,5.48
2016-07-05,5.54
2016-07-04,5.12
2016-07-01,5.16
2016-06-30,5.18
2016-06-29,5.1
2016-06-28,5.07
2016-06-27,4.86
2016-06-24,4.88
2016-06-23,4.83
2016-06-22,4.73
2016-06-21,4.75
2016-06-20,4.79
2016-06-17,4.66
2016-06-16,4.69
2016-06-15,4.55
2016-06-14,4.56
2016-06-13,4.74
2016-06-08,4.8
2016-06-07,4.8
2016-06-06,4.81
2016-06-03,4.81
2016-06-02,4.8
2016-06-01,4.79
2016-05-31,4.66
2016-05-30,4.65
2016-05-27,4.71
2016-05-26,4.66
2016-05-25,4.64
2016-05-24,4.68
2016-05-23,4.65
2016-05-20,4.62
2016-05-19,4.66
2016-05-18,4.73
2016-05-17,4.81
2016-05-16,4.79
2016-05-13,4.78
2016-05-12,4.78
2016-05-11,4.85
2016-05-10,4.77
2016-05-09,5.01
2016-05-06,5.21
2016-05-05,5.22
2016-05-04,5.21
2016-05-03,5.13
2016-04-29,5.14
2016-04-28,5.12
2016-04-27,5.19
2016-04-26,5.25
2016-04-25,5.16
2016-04-22,5.14
2016-04-21,5.14
2016-04-20,5.36
2016-04-19,5.42
2016-04-18,5.36
2016-04-15,5.45
2016-04-14,5.55
2016-04-13,5.61
2016-04-12,5.32
2016-04-11,5.2
2016-04-08,5.11
2016-04-07,5.21
2016-04-06,5.2
2016-04-05,5.18
2016-04-01,5.12
2016-03-31,5.13
2016-03-30,5.02
2016-03-29,5.04
2016-03-28,5.1
2016-03-25,5.07
2016-03-24,5.15
2016-03-23,5.2
2016-03-22,5.26
2016-03-21,5.23
2016-03-18,5.11
2016-03-17,5.04
2016-03-16,5.07
2016-03-15,5.1
2016-03-14,5.1
2016-03-11,5.02
2016-03-10,5.15
2016-03-09,5.17
2016-03-08,5.58
2016-03-07,5.5
2016-03-04,5.35
2016-03-03,5.36
2016-03-02,5.0
2016-03-01,4.92
2016-02-29,4.95
2016-02-26,4.77
2016-02-25,5.18
2016-02-24,5.0
2016-02-23,4.95
2016-02-22,4.84
2016-02-19,4.78
2016-02-18,4.86
2016-02-17,4.75
2016-02-16,4.61
2016-02-15,4.48
2016-02-05,4.67
2016-02-04,4.63
2016-02-03,4.6
2016-02-02,4.58
2016-02-01,4.81
2016-01-29,4.65
2016-01-28,4.78
2016-01-27,4.9
2016-01-26,5.24
2016-01-25,5.31
2016-01-22,5.27
2016-01-21,5.14
2016-01-20,5.3
2016-01-19,5.14
2016-01-18,5.08
2016-01-15,5.55
2016-01-14,5.25
2016-01-13,5.59
2016-01-12,5.65
2016-01-11,6.05
2016-01-08,5.72
2016-01-07,6.08
2016-01-06,5.62
2016-01-05,5.43
2016-01-04,6.06
2015-12-31,6.1
2015-12-30,6.11
2015-12-29,6.04
2015-12-28,6.21
2015-12-25,6.21
2015-12-24,6.33
2015-12-23,6.41
2015-12-22,6.37
2015-12-21,6.2
2015-12-18,6.21
2015-12-17,6.17
2015-12-16,6.2
2015-12-15,6.19
2015-12-14,6.06
2015-12-11,6.04
2015-12-10,5.99
2015-12-09,5.96
2015-12-08,6.14
2015-12-07,6.25
2015-12-04,6.34
2015-12-03,6.29
2015-12-02,6.07
2015-12-01,6.03
2015-11-30,6.07
2015-11-27,6.52
2015-11-26,6.51
2015-11-25,6.45
2015-11-24,6.6
2015-11-23,6.76
2015-11-20,6.78
2015-11-19,6.69
2015-11-18,6.63
2015-11-17,6.63
2015-11-16,6.53
2015-11-13,6.71
2015-11-12,6.96
2015-11-11,6.95
2015-11-10,6.85
2015-11-09,6.69
2015-11-06,6.68
2015-11-05,6.42
2015-11-04,6.16
2015-11-03,6.17
2015-11-02,6.24
2015-10-30,6.44
2015-10-29,6.44
2015-10-28,6.48
2015-10-27,6.56
2015-10-26,6.72
2015-10-23,6.55
2015-10-22,6.43
2015-10-21,6.85
2015-10-20,7.0
2015-10-19,7.05
2015-10-16,6.95
2015-10-15,6.65
2015-10-14,6.62
2015-10-13,6.66
2015-10-12,6.64
2015-10-09,6.3
2015-10-08,6.4
2015-09-30,6.0
2015-09-29,6.1
2015-09-28,6.2
2015-09-25,6.45
2015-09-24,6.35
2015-09-23,6.47
2015-09-22,6.57
2015-09-21,6.3
2015-09-18,6.33
2015-09-17,6.43
2015-09-16,6.07
2015-09-15,6.3
2015-09-14,6.99
2015-09-11,6.8
2015-09-10,6.74
2015-09-09,6.62
2015-09-08,6.32
2015-09-07,6.55
2015-09-02,6.79
2015-09-01,6.7
2015-08-31,6.75
2015-08-28,6.37
2015-08-27,6.1
2015-08-26,6.5
2015-08-25,6.59
2015-08-24,7.6
2015-08-21,8.09
2015-08-20,9.01
2015-08-19,8.7
2015-08-18,10.18
2015-08-17,10.19
2015-08-14,10.54
2015-08-13,10.2
2015-08-12,9.45
2015-08-11,9.61
2015-08-10,9.1
2015-08-07,8.47
2015-08-06,8.2
2015-08-05,8.55
2015-08-04,8.4
2015-08-03,7.8
2015-07-31,7.79
2015-07-30,8.25
2015-07-29,8.06
2015-07-28,7.62
2015-07-27,8.99
2015-07-24,8.7
2015-07-23,8.62
2015-07-22,8.28
2015-07-21,7.93
2015-07-20,7.84
2015-07-17,7.51
2015-07-16,7.4
2015-07-15,7.9
2015-07-14,8.78
2015-07-13,8.4
2015-07-10,7.6
2015-07-09,6.89
2015-07-08,6.89
2015-07-07,7.0
2015-07-06,9.05
2015-07-03,8.5
2015-07-02,9.98
2015-07-01,11.0
2015-06-30,10.9
2015-06-29,11.59
2015-06-26,11.88
2015-06-25,13.03
2015-06-24,11.88
2015-06-23,10.8
2015-06-19,11.53
2015-06-18,12.08
2015-06-17,11.25
2015-06-16,10.91
2015-06-15,11.67
2015-06-12,11.1
2015-06-11,11.1
2015-06-10,10.81
2015-06-09,10.34
2015-06-08,9.65
2015-06-05,9.7
2015-06-04,8.88
2015-06-03,9.05
2015-06-02,9.2
2015-06-01,8.25
2015-05-29,8.38
2015-05-28,9.24
2015-05-27,9.0
2015-05-26,8.9
2015-05-25,8.42
2015-05-22,8.2
2015-05-21,8.04
2015-05-20,8.05
2015-05-19,7.75
2015-05-18,7.8
2015-05-15,8.23
2015-05-14,8.1
2015-05-13,8.36
2015-05-12,8.23
2015-05-11,8.03
2015-05-08,7.92
2015-05-07,8.12
2015-05-06,8.63
2015-05-05,9.49
2015-05-04,9.17
2015-04-30,9.6
2015-04-29,9.71
2015-04-28,9.19
2015-04-27,8.65
2015-04-24,8.74
2015-04-23,8.68
2015-04-22,8.6
2015-04-21,8.15
2015-04-20,7.8
2015-04-17,7.59
2015-04-16,7.2
2015-04-15,7.46
2015-04-14,7.38
2015-04-13,7.31
2015-04-10,7.09
2015-04-09,7.26
2015-04-08,7.4
2015-04-07,7.25
2015-04-03,7.02
2015-04-02,7.02
2015-04-01,6.88
2015-03-31,7.12
2015-03-30,6.88
2015-03-27,6.91
2015-03-26,6.72
2015-03-25,6.86
2015-03-24,6.98
2015-03-23,6.88
2015-03-20,6.86
2015-03-19,6.9
2015-03-18,6.74
2015-03-17,6.59
2015-03-16,6.46
2015-03-13,6.38
2015-03-12,6.25
2015-03-11,6.31
2015-03-10,6.25
2015-03-09,6.15
2015-03-06,6.1
2015-03-05,6.26
2015-03-04,6.21
2015-03-03,6.36
2015-03-02,6.3
2015-02-27,6.25
2015-02-26,6.08
2015-02-25,6.18
2015-02-17,6.19
2015-02-16,6.16
2015-02-13,6.16
2015-02-12,6.04
2015-02-11,6.04
2015-02-10,5.93
2015-02-09,5.9
2015-02-06,6.04
2015-02-05,6.39
2015-02-04,6.36
2015-02-03,6.2
2015-02-02,6.28
2015-01-30,6.5
2015-01-29,6.32
2015-01-28,6.51
2015-01-27,6.68
2015-01-26,6.55
2015-01-23,6.71
2015-01-22,6.54
2015-01-21,6.31
2015-01-20,6.21
2015-01-19,6.61
2015-01-16,7.0
2015-01-15,6.76
2015-01-14,6.9
2015-01-13,6.93
2015-01-12,7.17
2015-01-09,7.33
2015-01-08,7.59
2015-01-07,7.39
2015-01-06,7.9
2015-01-05,6.95
2014-12-31,6.74
2014-12-30,6.93
2014-12-29,7.08
2014-12-26,6.95
2014-12-25,6.76
2014-12-24,6.84
2014-12-23,7.23
2014-12-22,6.9
2014-12-19,6.07
2014-12-18,6.04
2014-12-17,6.15
2014-12-16,5.94
2014-12-15,6.03
2014-12-12,5.99
2014-12-11,5.87
2014-12-10,5.81
2014-12-09,6.13
2014-12-08,5.98
2014-12-05,6.35
2014-12-04,5.97
2014-12-03,5.65
2014-12-02,5.7
2014-12-01,5.06
2014-11-28,5.03
2014-11-27,5.02
2014-11-26,4.99
2014-11-25,4.91
2014-11-24,4.83
2014-11-21,4.74
2014-11-20,4.75
2014-11-19,4.79
2014-11-18,4.87
2014-11-17,4.96
2014-11-14,4.98
2014-11-13,5.02
2014-11-12,4.88
2014-11-11,4.81
2014-11-10,4.7
2014-11-07,4.75
2014-11-06,4.75
2014-11-05,4.9
2014-11-04,4.76
2014-11-03,4.78
2014-10-31,4.67
2014-10-30,4.58
2014-10-29,4.53
2014-10-28,4.43
2014-10-27,4.49
2014-10-24,4.51
2014-10-23,4.53
2014-10-22,4.6
2014-10-21,4.65
2014-10-20,4.63
2014-10-17,4.68
2014-10-16,4.74
2014-10-15,4.74
2014-10-14,4.85
2014-10-13,4.8
2014-10-10,4.75
2014-10-09,4.71
2014-10-08,4.68
2014-09-30,4.73
2014-09-29,4.61
2014-09-26,4.6
2014-09-25,4.64
2014-09-24,4.52
2014-09-23,4.52
2014-09-22,4.61
2014-09-19,4.66
2014-09-18,4.68
2014-09-17,4.59
2014-09-16,4.57
2014-09-15,4.5
2014-09-12,4.49
2014-09-11,4.49
2014-09-10,4.49
2014-09-09,4.46
2014-09-05,4.45
2014-09-04,4.46
2014-09-03,4.33
2014-09-02,4.28
2014-09-01,4.25
2014-08-29,4.25
2014-08-28,4.23
2014-08-27,4.24
2014-08-26,4.29
2014-08-25,4.38
2014-08-22,4.37
2014-08-21,4.41
2014-08-20,4.42
2014-08-19,4.42
2014-08-18,4.41
2014-08-15,4.4
2014-08-14,4.45
2014-08-13,4.41
2014-08-12,4.45
2014-08-11,4.42
2014-08-08,4.42
2014-08-07,4.49
2014-08-06,4.44
2014-08-05,4.42
2014-08-04,4.34
2014-08-01,4.35
2014-07-31,4.29
2014-07-30,4.3
2014-07-29,4.34
2014-07-28,4.22
2014-07-25,4.14
2014-07-24,4.07
2014-07-23,4.04
2014-07-22,3.99
2014-07-21,4.03
2014-07-18,4.03
2014-07-17,4.06
2014-07-16,4.02
2014-07-15,4.01
2014-07-14,3.98
2014-07-11,3.97
2014-07-10,3.98
2014-07-09,4.02
2014-07-08,4.02
2014-07-07,4.05
2014-07-04,4.07
2014-07-03,4.06
2014-07-02,4.04
2014-07-01,4.03
2014-06-30,4.01
2014-06-27,3.99
2014-06-26,3.97
2014-06-25,4.0
2014-06-24,3.99
2014-06-23,3.95
2014-06-20,3.92
2014-06-19,3.98
2014-06-18,3.99
2014-06-17,4.01
2014-06-16,4.02
2014-06-13,3.98
2014-06-12,3.99
2014-06-11,3.99
2014-06-10,3.98
2014-06-09,3.97
2014-06-06,4.02
2014-06-05,4.0
2014-06-04,4.05
2014-06-03,4.07
2014-05-30,4.08
2014-05-29,4.11
2014-05-28,4.1
2014-05-27,4.1
2014-05-26,4.09
2014-05-23,4.1
2014-05-22,4.17
2014-05-21,4.12
2014-05-20,4.14
2014-05-19,4.14
2014-05-16,4.2
2014-05-15,4.28
2014-05-14,4.31
2014-05-13,4.46
2014-05-12,4.21
2014-05-09,4.16
2014-05-08,4.1
2014-05-07,4.13
2014-05-06,4.16
2014-05-05,4.17
2014-04-30,4.21
2014-04-29,4.13
2014-04-28,4.12
2014-04-25,4.24
2014-04-24,4.13
2014-04-23,4.11
2014-04-22,4.1
2014-04-21,4.13
2014-04-18,4.18
2014-04-17,4.23
2014-04-16,4.22
2014-04-15,4.29
2014-04-14,4.31
2014-04-11,4.33
2014-04-10,4.3
2014-04-09,4.32
2014-04-08,4.23
2014-04-04,4.23
2014-04-03,4.4
2014-04-02,4.41
2014-04-01,4.4
2014-03-31,4.38
2014-03-28,4.38
2014-03-27,4.43
2014-03-26,4.48
2014-03-25,4.39
2014-03-24,4.33
2014-03-21,4.2
2014-03-20,4.28
2014-03-19,4.25
2014-03-18,4.24
2014-03-17,4.24
2014-03-14,4.18
2014-03-13,4.14
2014-03-12,4.1
2014-03-11,4.1
2014-03-10,4.21
2014-03-07,4.26
2014-03-06,4.26
2014-03-05,4.26
2014-03-04,4.29
2014-03-03,4.27
2014-02-28,4.25
2014-02-27,4.23
2014-02-26,4.21
2014-02-25,4.31
2014-02-24,4.44
2014-02-21,4.57
2014-02-20,4.6
2014-02-19,4.57
2014-02-18,4.62
2014-02-17,4.5
2014-02-14,4.46
2014-02-13,4.5
2014-02-12,4.52
2014-02-11,4.45
2014-02-10,4.4
2014-02-07,4.34
2014-01-30,4.38
2014-01-29,4.42
2014-01-28,4.41
2014-01-27,4.39
2014-01-24,4.36
2014-01-23,4.4
2014-01-22,4.34
2014-01-21,4.29
2014-01-20,4.29
2014-01-17,4.45
2014-01-16,4.47
2014-01-15,4.51
2014-01-14,4.48
2014-01-13,4.45
2014-01-10,4.43
2014-01-09,4.49
2014-01-08,4.52
2014-01-07,4.49
2014-01-06,4.67
2014-01-03,4.69
2014-01-02,4.79
2013-12-31,4.7
2013-12-30,4.76
2013-12-27,4.67
2013-12-26,4.73
2013-12-25,4.75
2013-12-24,4.72
2013-12-23,4.73
2013-12-20,4.98
2013-12-19,5.02
2013-12-18,5.04
2013-12-17,5.03
2013-12-16,5.1
2013-12-13,5.13
2013-12-12,5.19
2013-12-11,5.29
2013-12-10,5.35
2013-12-09,5.36
2013-12-06,5.38
2013-12-05,5.44
2013-12-04,5.4
2013-12-03,5.31
2013-12-02,5.34
2013-11-29,5.43
2013-11-28,5.46
2013-11-27,5.27
2013-11-26,5.32
2013-11-25,5.36
2013-11-22,5.34
2013-11-21,5.27
2013-11-20,5.3
2013-11-19,5.21
2013-11-18,5.12
2013-11-15,5.03
2013-11-14,5.08
2013-11-13,5.13
2013-11-12,5.11
2013-11-11,5.12
2013-11-08,5.22
2013-11-07,5.19
2013-11-06,5.11
2013-11-05,5.13
2013-11-04,5.21
2013-11-01,5.12
2013-10-31,5.11
2013-10-30,5.03
2013-10-29,5.08
2013-10-28,5.14
2013-10-25,5.29
2013-10-24,5.37
2013-10-23,5.43
2013-10-22,5.38
2013-10-21,5.39
2013-10-18,5.43
2013-10-17,5.37
2013-10-16,5.42
2013-10-15,5.47
2013-10-14,5.45
2013-10-11,5.35
2013-10-10,5.37
2013-10-09,5.37
2013-10-08,5.34
2013-09-30,5.35
2013-09-27,5.3
2013-09-26,5.45
2013-09-25,5.46
2013-09-24,5.5
2013-09-23,5.48
2013-09-18,5.49
2013-09-17,5.57
2013-09-16,5.69
2013-09-13,5.92
2013-09-12,5.75
2013-09-11,5.62
2013-09-10,5.4
2013-09-09,5.3
2013-09-06,5.25
2013-09-05,5.31
2013-09-04,5.3
2013-09-03,5.25
2013-09-02,5.29
2013-08-30,5.27
2013-08-29,5.36
2013-08-28,5.31
2013-08-27,5.28
2013-08-26,5.2
2013-08-23,5.25
2013-08-22,5.28
2013-08-21,5.29
2013-08-20,5.34
2013-08-19,5.28
2013-08-16,5.28
2013-08-15,5.35
2013-08-14,5.4
2013-08-13,5.49
2013-08-12,5.2
2013-08-09,5.19
2013-08-08,5.18
2013-08-07,5.2
2013-08-06,5.06
2013-08-05,5.08
2013-08-02,5.11
2013-08-01,4.99
2013-07-31,4.89
2013-07-30,4.84
2013-07-29,4.87
2013-07-26,4.93
2013-07-25,4.95
2013-07-24,4.98
2013-07-23,4.86
2013-07-22,4.84
2013-07-19,4.88
2013-07-18,4.91
2013-07-17,4.95
2013-07-16,4.97
2013-07-15,4.92
2013-07-12,5.05
2013-07-11,4.88
2013-07-10,4.71
2013-07-09,4.7
2013-07-08,4.92
2013-07-05,4.92
2013-07-04,4.83
2013-07-03,4.9
2013-07-02,4.94
2013-07-01,4.87
2013-06-28,4.84
2013-06-27,4.96
2013-06-26,5.05
2013-06-25,5.08
2013-06-24,5.37
2013-06-21,5.6
2013-06-20,5.9
2013-06-19,6.06
2013-06-18,6.08
2013-06-17,6.11
2013-06-14,6.14
2013-06-13,6.3
2013-06-07,6.42
2013-06-06,6.43
2013-06-05,6.49
2013-06-04,6.58
2013-06-03,6.61
2013-05-31,6.6
2013-05-30,6.64
2013-05-29,6.63
2013-05-28,6.53
2013-05-27,6.67
2013-05-24,6.82
2013-05-23,6.88
2013-05-22,6.9
2013-05-21,6.87
2013-05-20,6.85
2013-05-17,6.66
2013-05-16,6.61
2013-05-15,6.69
2013-05-14,6.76
2013-05-13,6.8
2013-05-10,6.71
2013-05-09,6.82
2013-05-08,6.78
2013-05-07,6.71
2013-05-06,6.7
2013-05-03,6.64
2013-05-02,6.75
2013-04-26,6.93
2013-04-25,6.86
2013-04-24,6.82
2013-04-23,7.0
2013-04-22,7.0
2013-04-19,6.88
2013-04-18,6.82
2013-04-17,6.9
2013-04-16,6.76
2013-04-15,6.87
2013-04-12,6.94
2013-04-11,7.04
2013-04-10,6.97
2013-04-09,7.01
2013-04-08,7.01
2013-04-03,7.1
2013-04-02,7.1
2013-04-01,7.12
2013-03-29,7.22
2013-03-28,7.24
2013-03-27,7.3
2013-03-26,7.33
2013-03-25,7.41
2013-03-22,7.4
2013-03-21,7.39
2013-03-20,7.24
2013-03-19,7.27
2013-03-18,7.34
2013-03-15,7.24
2013-03-14,7.21
2013-03-13,7.26
2013-03-12,7.34
2013-03-11,7.37
2013-03-08,7.46
2013-03-07,7.33
2013-03-06,7.4
2013-03-05,7.34
2013-03-04,7.47
2013-03-01,7.62
2013-02-28,7.5
2013-02-27,7.43
2013-02-26,7.63
2013-02-25,7.69
2013-02-22,7.69
2013-02-21,7.9
2013-02-20,7.95
2013-02-19,8.1
2013-02-18,8.25
2013-02-08,8.15
2013-02-07,8.18
2013-02-06,8.3
2013-02-05,8.3
2013-02-04,8.1
2013-02-01,8.06
2013-01-31,8.01
2013-01-30,8.04
2013-01-29,7.89
2013-01-28,7.79
2013-01-25,7.76
2013-01-24,7.83
2013-01-23,7.81
2013-01-22,7.9
2013-01-21,7.93
2013-01-18,7.85
2013-01-17,7.9
2013-01-16,7.88
2013-01-15,7.82
2013-01-14,7.64
2013-01-11,7.74
2013-01-10,7.79
2013-01-09,7.75
2013-01-08,7.78
2013-01-07,7.76
2013-01-04,7.91
2012-12-31,7.78
2012-12-28,7.72
2012-12-27,7.73
2012-12-26,7.69
2012-12-25,7.48
2012-12-24,7.51
2012-12-21,7.6
2012-12-20,7.5
2012-12-19,7.54
2012-12-18,7.51
2012-12-17,7.35
2012-12-14,7.09
2012-12-13,7.11
2012-12-12,7.12
2012-12-11,7.1
2012-12-10,7.14
2012-12-07,6.94
2012-12-06,6.95
2012-12-05,6.79
2012-12-04,6.75
2012-12-03,6.77
2012-11-30,6.72
2012-11-29,6.77
2012-11-28,6.78
2012-11-27,6.85
2012-11-26,6.9
2012-11-23,6.94
2012-11-22,6.9
2012-11-21,6.91
2012-11-20,6.92
2012-11-19,6.86
2012-11-16,6.94
2012-11-15,6.95
2012-11-14,6.9
2012-11-13,7.0
2012-11-12,6.99
2012-11-09,6.99
2012-11-08,7.1
2012-11-07,7.21
2012-11-06,7.27
2012-11-05,7.18
2012-11-02,7.16
2012-11-01,7.0
2012-10-31,6.95
2012-10-30,6.9
2012-10-29,7.0
2012-10-26,7.11
2012-10-25,7.17
2012-10-24,7.1
2012-10-23,7.21
2012-10-22,7.18
2012-10-19,7.26
2012-10-18,7.16
2012-10-17,7.15
2012-10-16,7.11
2012-10-15,7.17
2012-10-12,7.18
2012-10-11,7.25
2012-10-10,7.11
2012-10-09,7.05
2012-10-08,7.09
2012-09-28,6.97
2012-09-27,6.71
2012-09-26,6.78
2012-09-25,6.8
2012-09-24,6.71
2012-09-21,6.64
2012-09-20,6.83
2012-09-19,6.81
2012-09-18,6.9
2012-09-17,7.13
2012-09-14,7.15
2012-09-13,7.12
2012-09-12,7.05
2012-09-11,7.06
2012-09-10,7.11
2012-09-07,6.78
2012-09-06,6.66
2012-09-05,6.71
2012-09-04,6.8
2012-09-03,6.78
2012-08-31,6.83
2012-08-30,6.75
2012-08-29,7.04
2012-08-28,6.98
2012-08-27,7.25
2012-08-24,7.43
2012-08-23,7.36
2012-08-22,7.45
2012-08-21,7.44
2012-08-20,7.45
2012-08-17,7.5
2012-08-16,7.48
2012-08-15,7.59
2012-08-14,7.6
2012-08-13,7.72
2012-08-10,7.76
2012-08-09,7.77
2012-08-08,7.76
2012-08-07,7.77
2012-08-06,7.66
2012-08-03,7.53
2012-08-02,7.58
2012-08-01,7.48
2012-07-31,7.53
2012-07-30,7.57
2012-07-27,7.52
2012-07-26,7.5
2012-07-25,7.48
2012-07-24,7.51
2012-07-23,7.7
2012-07-20,7.78
2012-07-19,7.82
2012-07-18,7.71
2012-07-17,7.63
2012-07-16,7.78
2012-07-13,7.75
2012-07-12,7.46
2012-07-11,7.4
2012-07-10,7.42
2012-07-09,7.6
2012-07-06,7.64
2012-07-05,7.7
2012-07-04,7.71
2012-07-03,7.73
2012-07-02,7.83
2012-06-29,7.69
2012-06-28,7.89
2012-06-27,7.9
2012-06-26,7.91
2012-06-25,8.16
2012-06-21,8.2
2012-06-20,8.29
2012-06-19,8.33
2012-06-18,8.37
2012-06-15,8.29
2012-06-14,8.31
2012-06-13,8.37
2012-06-12,8.5
2012-06-11,8.42
2012-06-08,8.62
2012-06-07,8.8
2012-06-06,8.74
2012-06-05,8.81
2012-06-04,8.84
2012-06-01,9.05
2012-05-31,9.09
2012-05-30,9.23
2012-05-29,9.14
2012-05-28,9.0
2012-05-24,9.13
2012-05-23,9.19
2012-05-22,9.21
2012-05-21,9.03
2012-05-18,9.1
2012-05-17,9.04
2012-05-16,9.13
2012-05-15,9.08
2012-05-14,9.45
2012-05-11,9.43
2012-05-10,9.46
2012-05-09,9.58
2012-05-08,9.69
2012-05-07,9.59
2012-05-04,9.66
2012-05-03,9.73
2012-05-02,9.61
2012-04-27,9.37
2012-04-26,9.32
2012-04-25,9.17
2012-04-24,9.2
2012-04-23,9.29
2012-04-20,9.18
2012-04-19,9.24
2012-04-18,9.12
2012-04-17,9.14
2012-04-16,9.16
2012-04-13,9.17
2012-04-12,8.9
2012-04-10,8.88
2012-04-09,9.03
2012-04-06,9.13
2012-04-05,9.05
2012-03-30,8.88
2012-03-29,8.85
2012-03-28,9.15
2012-03-27,9.16
2012-03-26,9.15
2012-03-23,9.16
2012-03-22,9.2
2012-03-21,9.2
2012-03-20,9.3
2012-03-19,9.2
2012-03-16,9.16
2012-03-15,9.27
2012-03-14,9.7
2012-03-13,9.59
2012-03-12,9.7
2012-03-09,9.61
2012-03-08,9.53
2012-03-07,9.53
2012-03-06,9.89
2012-03-05,10.0
2012-03-02,9.9
2012-03-01,9.82
2012-02-29,9.94
2012-02-28,10.02
2012-02-27,10.11
2012-02-24,9.96
2012-02-23,9.89
2012-02-22,9.76
2012-02-21,9.73
2012-02-20,9.68
2012-02-17,9.62
2012-02-16,9.72
2012-02-15,9.54
2012-02-14,9.6
2012-02-13,9.58
2012-02-10,9.72
2012-02-09,9.74
2012-02-08,9.47
2012-02-07,9.62
2012-02-06,9.68
2012-02-03,9.5
2012-02-02,9.4
2012-02-01,9.38
2012-01-31,9.42
2012-01-30,9.66
2012-01-20,9.65
2012-01-19,9.55
2012-01-18,9.71
2012-01-17,9.2
2012-01-16,9.23
2012-01-13,9.54
2012-01-12,9.5
2012-01-11,9.57
2012-01-10,9.22
2012-01-09,8.67
2012-01-06,8.59
2012-01-05,8.55
2012-01-04,9.08
2011-12-30,8.92
2011-12-29,8.75
2011-12-28,8.69
2011-12-27,8.68
2011-12-26,8.75
2011-12-23,8.55
2011-12-22,8.31
2011-12-21,8.58
2011-12-20,8.34
2011-12-19,8.37
2011-12-15,8.6
2011-12-14,8.7
2011-12-13,8.83
2011-12-12,8.97
2011-12-09,9.12
2011-12-08,9.24
2011-12-07,9.28
2011-12-06,9.18
2011-12-05,9.21
2011-12-02,9.37
2011-12-01,9.58
2011-11-30,9.6
2011-11-29,9.52
2011-11-28,9.29
2011-11-25,9.28
2011-11-24,9.3
2011-11-23,9.63
2011-11-22,9.52
2011-11-21,9.8
2011-11-18,10.11
2011-11-17,10.08
2011-11-16,10.4
2011-11-15,10.3
2011-11-14,9.83
2011-11-11,9.85
2011-11-10,9.81
2011-11-09,9.91
2011-11-08,9.86
2011-11-07,9.84
2011-11-04,9.85
2011-11-03,9.86
2011-11-02,9.58
2011-11-01,9.59
2011-10-31,9.68
2011-10-28,9.46
2011-10-27,9.34
2011-10-26,9.11
2011-10-25,9.01
2011-10-24,8.7
2011-10-21,8.66
2011-10-20,8.96
2011-10-19,8.93
2011-10-18,9.08
2011-10-17,9.08
2011-10-14,9.03
2011-10-13,8.98
2011-10-12,8.7
2011-10-11,9.25
2011-10-10,9.0
2011-09-30,9.06
2011-09-29,8.9
2011-09-28,9.17
2011-09-27,8.94
2011-09-26,8.8
2011-09-23,8.72
2011-09-22,9.01
2011-09-21,8.91
2011-09-20,8.9
2011-09-19,9.4
2011-09-16,9.6
2011-09-15,9.66
2011-09-14,9.49
2011-09-13,9.41
2011-09-09,9.65
2011-09-08,9.74
2011-09-07,9.53
2011-09-06,9.4
2011-09-05,9.45
2011-09-02,9.63
2011-09-01,9.77
2011-08-31,9.89
2011-08-30,10.04
2011-08-29,10.0
2011-08-26,9.93
2011-08-25,9.71
2011-08-24,9.7
2011-08-23,9.51
2011-08-22,9.62
2011-08-19,9.6
2011-08-18,9.98
2011-08-17,10.02
2011-08-16,10.0
2011-08-15,9.96
2011-08-12,10.0
2011-08-11,9.62
2011-08-10,9.84
2011-08-09,9.48
2011-08-08,10.09
2011-08-05,10.39
2011-08-04,10.74
2011-08-03,10.78
2011-08-02,10.74
2011-08-01,10.66
2011-07-29,10.86
2011-07-28,10.63
2011-07-27,10.55
2011-07-26,10.7
2011-07-25,10.76
2011-07-22,10.81
2011-07-21,11.0
2011-07-20,11.1
2011-07-19,10.68
2011-07-18,10.61
2011-07-15,10.5
2011-07-14,10.37
2011-07-13,9.98
2011-07-12,10.03
2011-07-11,10.13
2011-07-08,10.27
2011-07-07,10.2
2011-07-06,10.22
2011-07-05,10.27
2011-07-04,10.28
2011-07-01,10.0
2011-06-30,9.74
2011-06-29,9.86
2011-06-28,9.96
2011-06-27,9.85
2011-06-24,9.61
2011-06-23,9.54
2011-06-22,9.56
2011-06-21,9.28
2011-06-20,9.35
2011-06-17,9.38
2011-06-16,9.53
2011-06-15,9.66
2011-06-14,9.6
2011-06-13,9.62
2011-06-10,9.82
2011-06-09,9.94
2011-06-08,9.9
2011-06-07,9.82
2011-06-03,9.8
2011-06-02,9.87
2011-06-01,9.9
2011-05-31,9.71
2011-05-30,9.98
2011-05-26,9.98
2011-05-25,10.0
2011-05-24,9.91
2011-05-23,10.2
2011-05-20,10.24
2011-05-19,10.38
2011-05-18,10.16
2011-05-17,10.08
2011-05-16,10.18
2011-05-13,10.01
2011-05-12,10.13
2011-05-11,10.34
2011-05-10,10.25
2011-05-09,10.2
2011-05-06,10.14
2011-05-05,10.3
2011-05-04,10.63
2011-05-03,10.7
2011-04-29,10.55
2011-04-28,10.68
2011-04-27,10.63
2011-04-26,10.67
2011-04-25,10.83
2011-04-22,10.94
2011-04-21,10.98
2011-04-20,10.91
2011-04-19,11.03
2011-04-18,11.17
2011-04-15,11.17
2011-04-14,11.34
2011-04-13,11.17
2011-04-12,11.1
2011-04-11,11.21
2011-04-08,11.07
2011-04-07,11.11
2011-04-06,10.95
2011-04-01,10.86
2011-03-31,10.78
2011-03-30,10.85
2011-03-29,10.95
2011-03-28,10.91
2011-03-25,10.84
2011-03-24,11.07
2011-03-23,11.18
2011-03-22,11.29
2011-03-21,11.2
2011-03-18,11.45
2011-03-17,11.08
2011-03-16,10.86
2011-03-15,11.13
2011-03-14,11.06
2011-03-11,11.09
2011-03-10,11.45
2011-03-09,11.61
2011-03-08,11.95
2011-03-07,10.91
2011-03-04,10.7
2011-03-03,10.77
2011-03-02,10.6
2011-03-01,10.64
2011-02-28,10.5
2011-02-25,10.65
2011-02-24,10.4
2011-02-23,10.4
2011-02-22,10.75
2011-02-21,10.5
2011-02-18,10.7
2011-02-17,10.77
2011-02-16,10.59
2011-02-15,10.6
2011-02-14,10.24
2011-02-11,10.26
2011-02-10,10.06
2011-02-09,10.2
2011-02-01,10.35
2011-01-31,10.17
2011-01-28,10.22
2011-01-27,10.05
2011-01-26,10.03
2011-01-25,10.0
2011-01-24,10.11
2011-01-21,9.98
2011-01-20,10.3
2011-01-19,10.2
2011-01-18,10.16
2011-01-17,10.51
2011-01-14,10.85
2011-01-13,11.06
2011-01-12,10.95
2011-01-11,10.75
2011-01-10,10.96
2011-01-07,11.1
2011-01-06,11.28
2011-01-05,11.03
2011-01-04,11.11
2010-12-31,10.56
2010-12-30,10.56
2010-12-29,10.7
2010-12-28,10.95
2010-12-27,10.96
2010-12-24,11.0
2010-12-22,11.45
2010-12-21,11.06
2010-12-20,11.3
2010-12-17,11.24
2010-12-16,11.24
2010-12-15,10.95
2010-12-14,11.08
2010-12-13,10.67
2010-12-10,10.38
2010-12-09,10.5
2010-12-08,10.78
2010-12-07,10.6
2010-12-06,10.68
2010-12-03,10.65
2010-12-02,10.88
2010-12-01,10.59
2010-11-30,10.8
2010-11-29,11.0
2010-11-26,10.98
2010-11-25,11.0
2010-11-24,10.59
2010-11-23,10.88
2010-11-22,10.99
2010-11-19,11.38
2010-11-18,11.18
2010-11-17,11.18
2010-11-16,11.84
2010-11-15,12.0
2010-11-12,12.74
2010-11-11,12.65
2010-11-10,12.89
2010-11-09,12.85
2010-11-08,12.88
2010-11-05,13.07
2010-11-04,12.65
2010-11-03,12.86
2010-11-02,13.1
2010-11-01,12.33
2010-10-29,12.49
2010-10-28,12.42
2010-10-27,12.92
2010-10-26,13.2
2010-10-25,12.91
2010-10-22,12.71
2010-10-21,12.95
2010-10-20,11.96
2010-10-19,12.04
2010-10-18,12.5
2010-10-15,11.8
2010-10-14,11.89
2010-10-13,11.76
2010-10-12,11.45
2010-10-11,10.95
2010-10-08,10.15
2010-09-30,9.62
2010-09-29,9.48
2010-09-28,9.55
2010-09-27,9.43
2010-09-21,9.35
2010-09-20,9.37
2010-09-17,9.38
2010-09-16,9.56
2010-09-15,9.67
2010-09-14,9.82
2010-09-13,9.8
2010-09-10,9.86
2010-09-09,10.09
2010-09-08,10.01
2010-09-07,10.1
2010-09-06,9.81
2010-09-02,9.8
2010-09-01,9.79
2010-08-31,9.87
2010-08-30,9.8
2010-08-27,9.76
2010-08-26,9.74
2010-08-25,9.75
2010-08-24,9.8
2010-08-23,9.91
2010-08-20,10.15
2010-08-19,10.0
2010-08-18,10.08
2010-08-17,9.88
2010-08-16,9.59
2010-08-13,9.43
2010-08-12,9.5
2010-08-11,9.58
2010-08-10,9.93
2010-08-09,9.89
2010-08-06,9.66
2010-08-05,9.88
2010-08-04,9.85
2010-08-03,10.08
2010-08-02,9.84
2010-07-30,9.97
2010-07-29,10.0
2010-07-28,9.3
2010-07-27,9.36
2010-07-26,9.35
2010-07-23,9.29
2010-07-22,9.18
2010-07-21,9.27
2010-07-20,8.85
2010-07-19,8.41
2010-07-16,8.41
2010-07-15,8.62
2010-07-14,8.75
2010-07-13,8.76
2010-07-12,8.75
2010-07-09,8.46
2010-07-08,8.55
2010-07-07,8.31
2010-07-06,8.17
2010-07-05,8.17
2010-07-02,8.29
2010-07-01,8.41
2010-06-30,8.65
2010-06-29,9.04
2010-06-28,9.12
2010-06-24,9.24
2010-06-23,9.3
2010-06-22,9.39
2010-06-21,9.16
2010-06-18,9.29
2010-06-17,9.45
2010-06-11,9.33
2010-06-10,9.33
2010-06-09,9.16
2010-06-08,9.1
2010-06-07,9.24
2010-06-04,9.45
2010-06-03,9.69
2010-06-02,9.53
2010-06-01,9.66
2010-05-31,9.91
2010-05-28,10.12
2010-05-27,9.76
2010-05-26,9.8
2010-05-25,9.98
2010-05-24,9.75
2010-05-21,9.4
2010-05-20,9.75
2010-05-19,9.71
2010-05-18,9.6
2010-05-17,10.0
2010-05-14,10.0
2010-05-13,9.82
2010-05-12,9.76
2010-05-11,10.19
2010-05-10,9.89
2010-05-07,9.99
2010-05-06,10.73
2010-05-05,10.64
2010-05-04,10.79
2010-04-30,10.73
2010-04-29,10.96
2010-04-28,10.85
2010-04-27,11.24
2010-04-26,11.42
2010-04-23,11.37
2010-04-22,11.48
2010-04-21,11.38
2010-04-20,11.29
2010-04-19,11.7
2010-04-16,12.15
2010-04-15,12.09
2010-04-14,11.92
2010-04-13,11.68
2010-04-12,11.9
2010-04-09,11.8
2010-04-08,11.91
2010-04-07,12.1
2010-04-06,12.06
2010-04-02,11.91
2010-04-01,11.71
2010-03-31,11.85
2010-03-30,11.85
2010-03-29,11.48
2010-03-26,11.34
2010-03-25,11.53
2010-03-24,11.75
2010-03-23,11.68
2010-03-22,11.65
2010-03-19,11.53
2010-03-18,11.5
2010-03-17,11.3
2010-03-16,11.3
2010-03-15,11.5
2010-03-12,11.68
2010-03-11,11.7
2010-03-10,11.85
2010-03-09,11.63
2010-03-08,11.67
2010-03-05,11.6
2010-03-04,11.9
2010-03-03,11.8
2010-03-02,11.93
2010-03-01,11.81
2010-02-26,11.88
2010-02-25,11.7
2010-02-24,11.41
2010-02-23,11.73
2010-02-22,11.8
2010-02-12,11.75
2010-02-11,11.66
2010-02-10,11.66
2010-02-09,11.39
2010-02-08,11.5
2010-02-05,11.5
2010-02-04,11.89
2010-02-03,11.6
2010-02-02,11.59
2010-02-01,11.96
2010-01-29,11.95
2010-01-28,11.92
2010-01-27,11.91
2010-01-26,12.36
2010-01-25,12.37
2010-01-22,12.6
2010-01-21,12.91
2010-01-20,13.41
2010-01-19,13.32
2010-01-18,13.14
2010-01-15,13.29
2010-01-14,13.31
2010-01-13,13.58
2010-01-12,13.77
2010-01-11,14.23
2010-01-08,13.67
2010-01-07,14.21
2010-01-06,14.03
2010-01-05,13.61
2010-01-04,13.69
2009-12-31,13.65
2009-12-30,13.41
2009-12-29,13.35
2009-12-28,13.23
2009-12-25,13.32
2009-12-24,12.81
2009-12-23,12.61
2009-12-22,13.21
2009-12-21,13.21
2009-12-17,13.95
2009-12-16,13.88
2009-12-15,14.03
2009-12-14,13.95
2009-12-11,13.99
2009-12-10,13.91
2009-12-09,14.05
2009-12-08,14.5
2009-12-07,14.6
2009-12-04,14.34
2009-12-03,14.32
2009-12-02,14.18
2009-12-01,13.95
2009-11-30,13.55
2009-11-27,13.81
2009-11-26,14.65
2009-11-25,14.16
2009-11-24,14.85
2009-11-23,14.75
2009-11-20,14.88
2009-11-19,14.96
2009-11-18,14.62
2009-11-17,14.76
2009-11-16,13.89
2009-11-13,13.6
2009-11-12,13.85
2009-11-11,13.87
2009-11-10,14.13
2009-11-09,13.7
2009-11-06,13.68
2009-11-05,13.43
2009-11-04,13.45
2009-11-03,13.35
2009-11-02,12.5
2009-10-30,13.3
2009-10-29,13.19
2009-10-28,13.12
2009-10-27,13.71
2009-10-26,13.89
2009-10-23,13.14
2009-10-22,13.21
2009-10-21,13.2
2009-10-20,13.32
2009-10-19,12.8
2009-10-16,12.95
2009-10-15,12.9
2009-10-14,12.48
2009-10-13,12.13
2009-10-12,12.36
2009-10-09,11.75
2009-09-30,11.31
2009-09-29,11.4
2009-09-28,11.76
2009-09-25,11.66
2009-09-24,11.61
2009-09-23,12.1
2009-09-22,12.55
2009-09-21,12.42
2009-09-18,13.11
2009-09-17,12.85
2009-09-16,12.97
2009-09-15,12.73
2009-09-14,12.45
2009-09-11,12.2
2009-09-10,12.52
2009-09-09,12.68
2009-09-08,12.0
2009-09-07,12.12
2009-09-04,12.04
2009-09-03,11.32
2009-09-02,11.07
2009-09-01,11.05
2009-08-31,11.8
2009-08-28,12.62
2009-08-27,12.6
2009-08-26,12.38
2009-08-25,13.01
2009-08-24,12.89
2009-08-21,12.59
2009-08-20,11.68
2009-08-19,12.42
2009-08-18,12.1
2009-08-17,13.18
2009-08-14,13.98
2009-08-13,13.69
2009-08-12,14.5
2009-08-11,14.59
2009-08-10,14.6
2009-08-07,15.1
2009-08-06,15.6
2009-08-05,16.49
2009-08-04,16.0
2009-08-03,15.92
2009-07-31,15.5
2009-07-30,15.21
2009-07-29,16.39
2009-07-28,16.69
2009-07-27,16.5
2009-07-24,15.51
2009-07-23,15.25
2009-07-22,14.54
2009-07-21,15.19
2009-07-20,14.56
2009-07-17,13.48
2009-07-16,13.71
2009-07-15,13.4
2009-07-14,13.14
2009-07-13,13.5
2009-07-10,13.93
2009-07-09,13.77
2009-07-08,13.4
2009-07-07,13.3
2009-07-06,13.3
2009-07-03,12.7
2009-07-02,12.44
2009-07-01,12.28
2009-06-30,12.52
2009-06-29,12.06
2009-06-25,12.2
2009-06-24,11.75
2009-06-23,11.65
2009-06-22,11.97
2009-06-19,11.98
2009-06-18,11.52
2009-06-17,11.39
2009-06-16,11.24
2009-06-15,11.41
2009-06-12,11.64
2009-06-11,11.99
2009-06-10,11.84
2009-06-09,11.96
2009-06-08,12.18
2009-06-05,12.26
2009-06-04,12.06
2009-06-03,11.89
2009-06-02,12.25
2009-06-01,11.5
2009-05-27,11.27
2009-05-26,11.6
2009-05-25,11.32
2009-05-22,11.9
2009-05-21,12.55
2009-05-20,12.38
2009-05-19,12.36
2009-05-18,11.79
2009-05-15,11.63
2009-05-14,11.55
2009-05-13,10.98
2009-05-12,10.5
2009-05-11,11.28
2009-05-08,11.27
2009-05-07,11.28
2009-05-06,10.91
2009-05-05,11.18
2009-05-04,10.5
2009-04-30,10.51
2009-04-29,10.04
2009-04-28,9.76
2009-04-27,10.09
2009-04-24,10.09
2009-04-23,9.7
2009-04-22,10.37
2009-04-21,10.2
2009-04-20,10.2
2009-04-17,10.63
2009-04-16,11.19
2009-04-15,11.07
2009-04-14,11.25
2009-04-13,10.7
2009-04-10,9.88
2009-04-09,9.65
2009-04-08,10.04
2009-04-07,9.21
2009-04-03,9.27
2009-04-02,9.21
2009-04-01,8.74
2009-03-31,8.54
2009-03-30,8.8
2009-03-27,8.89
2009-03-26,8.5
2009-03-25,8.8
2009-03-24,9.03
2009-03-23,8.9
2009-03-20,8.8
2009-03-19,8.19
2009-03-18,8.16
2009-03-17,7.82
2009-03-16,7.7
2009-03-13,7.89
2009-03-12,7.82
2009-03-11,8.16
2009-03-10,7.48
2009-03-09,7.82
2009-03-06,7.57
2009-03-05,7.86
2009-03-04,7.28
2009-03-03,7.17
2009-03-02,7.35
2009-02-27,7.7
2009-02-26,7.93
2009-02-25,8.15
2009-02-24,8.48
2009-02-23,8.37
2009-02-20,8.35
2009-02-19,8.36
2009-02-18,8.77
2009-02-17,9.26
2009-02-16,8.99
2009-02-13,8.51
2009-02-12,8.81
2009-02-11,8.82
2009-02-10,8.8
2009-02-09,8.7
2009-02-06,8.24
2009-02-05,8.05
2009-02-04,7.93
2009-02-03,7.63
2009-02-02,7.77
2009-01-23,7.74
2009-01-22,7.51
2009-01-21,7.36
2009-01-20,7.5
2009-01-19,7.5
2009-01-16,7.35
2009-01-15,7.26
2009-01-14,7.0
2009-01-13,7.16
2009-01-12,7.23
2009-01-09,7.11
2009-01-08,7.05
2009-01-07,7.33
2009-01-06,6.8
2009-01-05,6.63
2008-12-31,6.56
2008-12-30,6.62
2008-12-29,6.74
2008-12-26,6.82
2008-12-25,6.74
2008-12-24,6.86
2008-12-23,7.45
2008-12-22,7.6
2008-12-18,7.41
2008-12-17,7.5
2008-12-16,7.3
2008-12-15,7.58
2008-12-12,7.75
2008-12-11,8.0
2008-12-10,7.77
2008-12-09,7.85
2008-12-08,7.42
2008-12-05,7.25
2008-12-04,7.22
2008-12-03,6.63
2008-12-02,6.43
2008-12-01,6.5
2008-11-28,6.52
2008-11-27,7.1
2008-11-26,6.62
2008-11-25,7.01
2008-11-24,7.05
2008-11-21,6.91
2008-11-20,7.19
2008-11-19,7.02
2008-11-18,7.7
2008-11-17,7.6
2008-11-14,7.44
2008-11-13,6.85
2008-11-12,7.0
2008-11-11,7.2
2008-11-10,6.73
2008-11-07,6.35
2008-11-06,6.52
2008-11-05,6.56
2008-11-04,6.53
2008-11-03,6.47
2008-10-31,6.44
2008-10-30,6.31
2008-10-29,6.6
2008-10-28,6.09
2008-10-27,6.91
2008-10-24,7.21
2008-10-23,6.95
2008-10-22,7.33
2008-10-21,7.54
2008-10-20,7.15
2008-10-17,7.05
2008-10-16,7.36
2008-10-15,7.71
2008-10-14,8.6
2008-10-13,7.8
2008-10-10,8.19
2008-10-09,9.42
2008-10-08,9.56
2008-10-07,9.82
2008-10-06,11.32
2008-09-26,12.15
2008-09-25,11.45
2008-09-24,11.22
2008-09-23,10.8
2008-09-22,10.91
2008-09-19,9.92
2008-09-18,8.6
2008-09-17,8.71
2008-09-16,9.28
2008-09-12,9.21
2008-09-11,9.96
2008-09-10,10.0
2008-09-09,10.08
2008-09-08,10.31
2008-09-05,10.4
2008-09-04,10.69
2008-09-03,11.05
2008-09-02,11.06
2008-09-01,11.35
2008-08-29,10.99
2008-08-28,10.7
2008-08-27,10.58
2008-08-26,10.8
2008-08-25,10.68
2008-08-22,10.63
2008-08-21,10.94
2008-08-20,10.28
2008-08-19,10.21
2008-08-18,10.99
2008-08-15,10.95
2008-08-14,11.0
2008-08-13,10.88
2008-08-12,10.63
2008-08-11,11.33
2008-08-08,12.08
2008-08-07,12.0
2008-08-06,11.97
2008-08-05,12.65
2008-08-04,13.2
2008-08-01,13.7
2008-07-31,14.25
2008-07-30,14.23
2008-07-29,13.95
2008-07-28,13.81
2008-07-25,13.9
2008-07-24,14.09
2008-07-23,14.25
2008-07-22,14.35
2008-07-21,13.9
2008-07-18,13.98
2008-07-17,14.16
2008-07-16,14.45
2008-07-15,15.39
2008-07-14,15.3
2008-07-11,15.11
2008-07-10,15.23
2008-07-09,15.28
2008-07-08,15.0
2008-07-07,14.4
2008-07-04,15.02
2008-07-03,15.3
2008-07-02,16.13
2008-07-01,15.96
2008-06-30,15.88
2008-06-27,16.33
2008-06-26,16.84
2008-06-25,16.2
2008-06-24,15.9
2008-06-23,16.18
2008-06-19,17.1
2008-06-18,16.16
2008-06-17,16.23
2008-06-16,16.61
2008-06-13,17.0
2008-06-12,17.38
2008-06-11,17.0
2008-06-10,17.25
2008-06-06,18.2
2008-06-05,19.0
2008-06-04,20.1
2008-06-03,20.6
2008-06-02,20.3
2008-05-30,20.7
2008-05-29,21.14
2008-05-28,20.3
2008-05-27,20.35
2008-05-26,21.31
2008-05-23,21.0
2008-05-22,20.3
2008-05-21,19.45
2008-05-20,20.35
2008-05-19,19.71
2008-05-16,19.88
2008-05-15,20.1
2008-05-14,19.2
2008-05-13,19.22
2008-05-12,19.8
2008-05-09,20.71
2008-05-08,19.48
2008-05-07,20.17
2008-05-06,19.64
2008-05-05,19.1
2008-04-30,19.25
2008-04-29,18.9
2008-04-28,19.68
2008-04-25,19.9
2008-04-24,20.2
2008-04-23,17.7
2008-04-22,16.98
2008-04-21,18.35
2008-04-18,17.38
2008-04-17,18.15
2008-04-16,17.6
2008-04-15,17.1
2008-04-14,17.6
2008-04-11,18.38
2008-04-10,16.81
2008-04-09,17.9
2008-04-08,18.0
2008-04-07,17.0
2008-04-03,16.87
2008-04-02,16.9
2008-04-01,16.65
2008-03-31,16.6
2008-03-28,16.48
2008-03-27,18.0
2008-03-26,18.5
2008-03-25,18.5
2008-03-24,20.4
2008-03-21,20.08
2008-03-20,19.8
2008-03-19,20.3
2008-03-18,19.5
2008-03-17,20.65
2008-03-14,20.54
2008-03-13,19.5
2008-03-12,20.05
2008-03-11,18.85
2008-03-10,19.5
2008-03-07,19.65
2008-03-06,19.75
2008-03-05,20.14
2008-03-04,20.85
2008-03-03,20.12
2008-02-29,20.5
2008-02-28,20.55
2008-02-27,20.27
2008-02-26,20.56
2008-02-25,21.25
2008-02-22,22.3
2008-02-21,22.4
2008-02-20,22.93
2008-02-19,22.5
2008-02-18,22.2
2008-02-15,21.81
2008-02-14,22.1
2008-02-13,22.28
2008-02-05,23.8
2008-02-04,22.9
2008-02-01,24.0
