Date,Open,High,Low,Close,Adj Close,Volume
2017-01-10,30.75,30.75,30.700000762939453,30.729999542236328,30.729999542236328,150000
2017-01-11,30.0,31.0,30.0,31.0,31.0,22381
2017-01-12,30.75,30.75,30.75,30.75,30.75,50195
2017-01-13,30.0,31.0,28.0,28.25,28.25,1750
2017-01-17,29.0,29.0,29.0,29.0,29.0,586500
2017-01-18,29.0,29.0,29.0,29.0,29.0,0
2017-01-19,29.899999618530273,30.0,29.899999618530273,30.0,30.0,753472
2017-01-20,29.8700008392334,30.0,29.84000015258789,30.0,30.0,264529
2017-01-23,30.0,30.100000381469727,29.989999771118164,29.989999771118164,29.989999771118164,110600
2017-01-24,23.0,30.100000381469727,23.0,24.0,24.0,47077
2017-01-25,25.0,25.5,25.0,25.5,25.5,232581
2017-01-26,25.399999618530273,30.0,25.399999618530273,29.100000381469727,29.100000381469727,173790
2017-01-27,26.510000228881836,28.25,26.510000228881836,28.25,28.25,1477
2017-01-30,28.25,28.25,28.25,28.25,28.25,0
2017-01-31,28.25,28.25,28.25,28.25,28.25,0
2017-02-01,28.899999618530273,29.0,28.899999618530273,29.0,29.0,461942
2017-02-02,28.0,30.5,28.0,30.5,30.5,531
2017-02-03,28.899999618530273,28.899999618530273,28.5,28.5,28.5,40732
2017-02-06,28.5,28.5,28.5,28.5,28.5,0
2017-02-07,30.5,30.5,30.5,30.5,30.5,309
2017-02-08,30.0,30.25,29.75,29.75,29.75,263979
2017-02-09,30.049999237060547,30.149999618530273,28.5,28.5,28.5,169525
2017-02-10,28.5,28.5,28.5,28.5,28.5,0
2017-02-13,30.049999237060547,30.149999618530273,28.600000381469727,28.600000381469727,28.600000381469727,2529
2017-02-14,30.100000381469727,30.200000762939453,28.600000381469727,28.600000381469727,28.600000381469727,100105
2017-02-15,30.100000381469727,30.200000762939453,29.5,30.200000762939453,30.200000762939453,40946
2017-02-16,30.200000762939453,30.200000762939453,30.200000762939453,30.200000762939453,30.200000762939453,0
2017-02-17,30.200000762939453,30.200000762939453,30.200000762939453,30.200000762939453,30.200000762939453,0
2017-02-21,30.0,30.200000762939453,30.0,30.100000381469727,30.100000381469727,135962
2017-02-22,30.100000381469727,30.100000381469727,30.100000381469727,30.100000381469727,30.100000381469727,0
2017-02-23,30.200000762939453,31.0,30.200000762939453,31.0,31.0,1790
2017-02-24,31.0,31.100000381469727,30.75,31.100000381469727,31.100000381469727,547628
2017-02-27,31.100000381469727,31.100000381469727,31.100000381469727,31.100000381469727,31.100000381469727,0
2017-02-28,31.0,35.959999084472656,30.0,32.5,32.5,112328
2017-03-01,32.0,32.0,28.520000457763672,30.25,30.25,10975
2017-03-02,29.93000030517578,30.104900360107422,28.989999771118164,29.049999237060547,29.049999237060547,1924
2017-03-03,28.0,29.75,27.0,29.0,29.0,6131
2017-03-06,30.489999771118164,30.950000762939453,30.0,30.799999237060547,30.799999237060547,7929
2017-03-07,30.899999618530273,30.899999618530273,30.610000610351562,30.75,30.75,5361
2017-03-08,30.75,30.75,29.049999237060547,30.0,30.0,14727
2017-03-09,30.299999237060547,31.0,29.010000228881836,29.719999313354492,29.719999313354492,45872
2017-03-10,29.350000381469727,30.299999237060547,29.350000381469727,29.829999923706055,29.829999923706055,30507
2017-03-13,30.0,30.0,29.0,29.649999618530273,29.649999618530273,118527
2017-03-14,29.979999542236328,29.979999542236328,28.209999084472656,28.969999313354492,28.969999313354492,48715
2017-03-15,28.799999237060547,29.34000015258789,28.25,28.899999618530273,28.899999618530273,34089
2017-03-16,29.06999969482422,29.21500015258789,27.229999542236328,28.469999313354492,28.469999313354492,37168
2017-03-17,28.520000457763672,28.989999771118164,27.0,27.18000030517578,27.18000030517578,85710
2017-03-20,28.100000381469727,29.540000915527344,27.850000381469727,29.040000915527344,29.040000915527344,35626
2017-03-21,29.0,29.049999237060547,28.010000228881836,29.040000915527344,29.040000915527344,17411
2017-03-22,29.040000915527344,29.530000686645508,29.0,29.239999771118164,29.239999771118164,14984
2017-03-23,28.579999923706055,29.489900588989258,28.030000686645508,29.389999389648438,29.389999389648438,30626
2017-03-24,28.542800903320312,29.549999237060547,28.5,29.5,29.5,16804
2017-03-27,29.5,29.549999237060547,29.100000381469727,29.43000030517578,29.43000030517578,29823
2017-03-28,29.149999618530273,30.0,29.118000030517578,29.700000762939453,29.700000762939453,33347
2017-03-29,29.350000381469727,30.420000076293945,29.350000381469727,30.0,30.0,35820
2017-03-30,29.843900680541992,29.959999084472656,29.75,29.959999084472656,29.959999084472656,13797
2017-03-31,30.125,30.190000534057617,29.899999618530273,29.969999313354492,29.969999313354492,28797
2017-04-03,29.899999618530273,30.0,29.899999618530273,29.93000030517578,29.93000030517578,26556
2017-04-04,29.915000915527344,30.0,29.6200008392334,30.0,30.0,18725
2017-04-05,29.950000762939453,30.0,29.510000228881836,29.729999542236328,29.729999542236328,10204
2017-04-06,29.729999542236328,30.0,29.25,30.0,30.0,60444
2017-04-07,29.899999618530273,30.0,29.75,30.0,30.0,42219
2017-04-10,30.030000686645508,30.299999237060547,29.670000076293945,30.010000228881836,30.010000228881836,72247
2017-04-11,30.100000381469727,30.100000381469727,29.700000762939453,29.950000762939453,29.950000762939453,12033
2017-04-12,29.8700008392334,30.0,29.540000915527344,29.899999618530273,29.899999618530273,9412
2017-04-13,29.84000015258789,29.999900817871094,28.170000076293945,28.540000915527344,28.540000915527344,67482
2017-04-17,28.190000534057617,28.450000762939453,28.139999389648438,28.350000381469727,28.350000381469727,51030
2017-04-18,28.600000381469727,28.700000762939453,28.139999389648438,28.549999237060547,28.549999237060547,30082
2017-04-19,28.479999542236328,28.489999771118164,28.211999893188477,28.34000015258789,28.34000015258789,28372
2017-04-20,28.56999969482422,28.56999969482422,27.68000030517578,28.190000534057617,28.190000534057617,42159
2017-04-21,29.0,29.0,28.1299991607666,28.299999237060547,28.299999237060547,21829
2017-04-24,28.350000381469727,28.799999237060547,28.149999618530273,28.200000762939453,28.200000762939453,16468
2017-04-25,28.25,28.575000762939453,27.42840003967285,28.489999771118164,28.489999771118164,32033
2017-04-26,28.358800888061523,28.760000228881836,28.045000076293945,28.34000015258789,28.34000015258789,23155
2017-04-27,28.31999969482422,28.5,27.510000228881836,27.860000610351562,27.860000610351562,268052
2017-04-28,27.972000122070312,28.040000915527344,27.25,27.5,27.5,19890
2017-05-01,27.690000534057617,27.690000534057617,27.18000030517578,27.299999237060547,27.299999237060547,12134
2017-05-02,27.479999542236328,27.5,27.1200008392334,27.489999771118164,27.489999771118164,19984
2017-05-03,27.489999771118164,27.5,26.93000030517578,27.34000015258789,27.34000015258789,81755
2017-05-04,27.399999618530273,27.489999771118164,26.719999313354492,27.020000457763672,27.020000457763672,50877
2017-05-05,26.889999389648438,27.5,26.850000381469727,27.3700008392334,27.3700008392334,44101
2017-05-08,27.440000534057617,27.440000534057617,27.100000381469727,27.360000610351562,27.360000610351562,38834
2017-05-09,27.424999237060547,27.424999237060547,26.729999542236328,27.049999237060547,27.049999237060547,25209
2017-05-10,27.229999542236328,27.440000534057617,26.8799991607666,27.139999389648438,27.139999389648438,39271
2017-05-11,27.035999298095703,27.5,26.780000686645508,27.100000381469727,27.100000381469727,37461
2017-05-12,27.06999969482422,27.200000762939453,26.825000762939453,26.850000381469727,26.850000381469727,233369
2017-05-15,26.719999313354492,27.200000762939453,26.719999313354492,26.899999618530273,26.899999618530273,12640
2017-05-16,27.139999389648438,27.489999771118164,27.049999237060547,27.200000762939453,27.200000762939453,40617
2017-05-17,26.899999618530273,27.350000381469727,26.649999618530273,26.93000030517578,26.93000030517578,37511
2017-05-18,26.729999542236328,26.75,26.700000762939453,26.729999542236328,26.729999542236328,82005
2017-05-19,26.700000762939453,26.982500076293945,26.6299991607666,26.700000762939453,26.700000762939453,71936
2017-05-22,26.700000762939453,26.75,26.290000915527344,26.68000030517578,26.68000030517578,93221
2017-05-23,27.299999237060547,27.5,27.010000228881836,27.25,27.25,72052
2017-05-24,27.0,27.514999389648438,27.0,27.399999618530273,27.399999618530273,92560
2017-05-25,27.850000381469727,28.399999618530273,27.010000228881836,27.239999771118164,27.239999771118164,105742
2017-05-26,27.450000762939453,27.834999084472656,27.170000076293945,27.209999084472656,27.209999084472656,71622
2017-05-30,27.15999984741211,27.15999984741211,25.5,26.34000015258789,26.34000015258789,79902
2017-05-31,26.25,26.479999542236328,25.0,26.030000686645508,26.030000686645508,398996
2017-06-01,25.90999984741211,26.739999771118164,24.979999542236328,26.440000534057617,26.440000534057617,168531
2017-06-02,26.290000915527344,26.290000915527344,24.0,24.670000076293945,24.670000076293945,170499
2017-06-05,24.799999237060547,25.690000534057617,22.459999084472656,23.200000762939453,23.200000762939453,281132
2017-06-06,23.25,23.639999389648438,22.479999542236328,23.309999465942383,23.309999465942383,192154
2017-06-07,23.209999084472656,23.31999969482422,21.200000762939453,22.489999771118164,22.489999771118164,245248
2017-06-08,22.424999237060547,23.349899291992188,22.18000030517578,22.25,22.25,102481
2017-06-09,22.329999923706055,23.469999313354492,22.299999237060547,23.15999984741211,23.15999984741211,102691
2017-06-12,23.170000076293945,23.989999771118164,23.059999465942383,23.540000915527344,23.540000915527344,368981
2017-06-13,24.190000534057617,24.364999771118164,23.299999237060547,23.489999771118164,23.489999771118164,317487
2017-06-14,23.56999969482422,23.71500015258789,23.19499969482422,23.5,23.5,287395
2017-06-15,22.899999618530273,23.469999313354492,22.18000030517578,22.760000228881836,22.760000228881836,226070
2017-06-16,22.760000228881836,23.889999389648438,22.600000381469727,23.329999923706055,23.329999923706055,1656018
2017-06-19,23.399999618530273,23.489999771118164,22.420000076293945,22.450000762939453,22.450000762939453,235193
2017-06-20,22.270000457763672,22.270000457763672,20.510000228881836,20.959999084472656,20.959999084472656,135086
2017-06-21,21.0,21.0,19.280000686645508,19.940000534057617,19.940000534057617,190558
2017-06-22,19.899999618530273,20.18000030517578,18.93000030517578,19.010000228881836,19.010000228881836,230508
2017-06-23,19.06999969482422,19.149999618530273,18.209999084472656,18.59000015258789,18.59000015258789,3877423
2017-06-26,18.459999084472656,18.999900817871094,17.915000915527344,18.5,18.5,400822
2017-06-27,18.559999465942383,18.809999465942383,18.399999618530273,18.479999542236328,18.479999542236328,149519
2017-06-28,18.56999969482422,18.611499786376953,18.149999618530273,18.459999084472656,18.459999084472656,135339
2017-06-29,18.492599487304688,18.670000076293945,18.270000457763672,18.6200008392334,18.6200008392334,164301
2017-06-30,18.610000610351562,18.75,18.34000015258789,18.56999969482422,18.56999969482422,177881
2017-07-03,18.649999618530273,20.174999237060547,18.649999618530273,20.079999923706055,20.079999923706055,141415
2017-07-05,19.829999923706055,20.09000015258789,19.030000686645508,20.049999237060547,20.049999237060547,167701
2017-07-06,19.959999084472656,20.020000457763672,18.790000915527344,19.65999984741211,19.65999984741211,125809
2017-07-07,19.59000015258789,19.639999389648438,18.899999618530273,19.579999923706055,19.579999923706055,68962
2017-07-10,19.549999237060547,20.1299991607666,19.280000686645508,20.059999465942383,20.059999465942383,119446
2017-07-11,20.1299991607666,20.3700008392334,19.239999771118164,20.0,20.0,164833
2017-07-12,20.139999389648438,20.950000762939453,19.31999969482422,20.350000381469727,20.350000381469727,116724
2017-07-13,20.329999923706055,20.329999923706055,18.68000030517578,19.719999313354492,19.719999313354492,143416
2017-07-14,19.84000015258789,20.059999465942383,19.719999313354492,19.8700008392334,19.8700008392334,127506
2017-07-17,19.760000228881836,20.0,19.510000228881836,19.6299991607666,19.6299991607666,132287
2017-07-18,19.639999389648438,19.81999969482422,19.380800247192383,19.649999618530273,19.649999618530273,119113
2017-07-19,19.610000610351562,19.799999237060547,19.469999313354492,19.729999542236328,19.729999542236328,103315
2017-07-20,19.729999542236328,19.920000076293945,18.750999450683594,19.600000381469727,19.600000381469727,148718
2017-07-21,19.899999618530273,20.850000381469727,18.809999465942383,18.959999084472656,18.959999084472656,90644
2017-07-24,18.969999313354492,19.500999450683594,18.90999984741211,19.3799991607666,19.3799991607666,84210
2017-07-25,19.56999969482422,19.850000381469727,19.440000534057617,19.5,19.5,119143
2017-07-26,19.329999923706055,20.350000381469727,19.329999923706055,19.579999923706055,19.579999923706055,110670
2017-07-27,19.59000015258789,19.75,19.450000762939453,19.6299991607666,19.6299991607666,94782
2017-07-28,19.530000686645508,21.170000076293945,19.399999618530273,19.440000534057617,19.440000534057617,96321
2017-07-31,19.559999465942383,20.360000610351562,19.3799991607666,19.790000915527344,19.790000915527344,99605
2017-08-01,19.799999237060547,20.399999618530273,19.579999923706055,19.969999313354492,19.969999313354492,92141
2017-08-02,19.860000610351562,21.017000198364258,19.690000534057617,19.780000686645508,19.780000686645508,92543
2017-08-03,19.90999984741211,19.90999984741211,18.399999618530273,18.469999313354492,18.469999313354492,77874
2017-08-04,18.6299991607666,19.75,18.270000457763672,19.65999984741211,19.65999984741211,113644
2017-08-07,19.420000076293945,19.5,18.864999771118164,19.299999237060547,19.299999237060547,47779
2017-08-08,19.209999084472656,20.249500274658203,18.729999542236328,19.209999084472656,19.209999084472656,79134
2017-08-09,19.200000762939453,19.860000610351562,18.84000015258789,19.020000457763672,19.020000457763672,63919
2017-08-10,19.059999465942383,19.329999923706055,18.770000457763672,18.940000534057617,18.940000534057617,51293
2017-08-11,18.700000762939453,18.90999984741211,16.770000457763672,17.09000015258789,17.09000015258789,300238
2017-08-14,17.040000915527344,17.040000915527344,14.029999732971191,14.029999732971191,14.029999732971191,595156
2017-08-15,14.029999732971191,14.319999694824219,13.039999961853027,13.045000076293945,13.045000076293945,326933
2017-08-16,13.25,13.315299987792969,10.779999732971191,10.819999694824219,10.819999694824219,589982
2017-08-17,10.819999694824219,11.232999801635742,10.289999961853027,10.770000457763672,10.770000457763672,420360
2017-08-18,10.569999694824219,10.800000190734863,10.109999656677246,10.399999618530273,10.399999618530273,296758
2017-08-21,10.350000381469727,10.890000343322754,10.289999961853027,10.649999618530273,10.649999618530273,169993
2017-08-22,10.649999618530273,11.100000381469727,10.59000015258789,10.9399995803833,10.9399995803833,86845
2017-08-23,10.850000381469727,11.210000038146973,10.75,11.199999809265137,11.199999809265137,135727
2017-08-24,11.210000038146973,11.34000015258789,10.970000267028809,11.239999771118164,11.239999771118164,186555
2017-08-25,11.069999694824219,11.260000228881836,10.6899995803833,10.869999885559082,10.869999885559082,181888
2017-08-28,10.850000381469727,10.949999809265137,10.050000190734863,10.279999732971191,10.279999732971191,104298
2017-08-29,10.289999961853027,10.479999542236328,9.850000381469727,10.279999732971191,10.279999732971191,179187
2017-08-30,10.220000267028809,10.223999977111816,9.930000305175781,9.970000267028809,9.970000267028809,152875
2017-08-31,10.569999694824219,10.680000305175781,10.149999618530273,10.449999809265137,10.449999809265137,146952
2017-09-01,10.4399995803833,10.510000228881836,10.25,10.359999656677246,10.359999656677246,96776
2017-09-05,10.460000038146973,10.609999656677246,10.270000457763672,10.350000381469727,10.350000381469727,86950
2017-09-06,10.399999618530273,10.609999656677246,10.350000381469727,10.470000267028809,10.470000267028809,93150
2017-09-07,10.479999542236328,10.494999885559082,10.260000228881836,10.380000114440918,10.380000114440918,231441
2017-09-08,10.40999984741211,10.40999984741211,10.020000457763672,10.350000381469727,10.350000381469727,88838
2017-09-11,10.380000114440918,10.619999885559082,10.300000190734863,10.430000305175781,10.430000305175781,129455
2017-09-12,10.420000076293945,10.850000381469727,10.260000228881836,10.279999732971191,10.279999732971191,249150
2017-09-13,10.3100004196167,10.84000015258789,10.3100004196167,10.380000114440918,10.380000114440918,237556
2017-09-14,10.399999618530273,10.989999771118164,10.399999618530273,10.869999885559082,10.869999885559082,278264
2017-09-15,10.880000114440918,10.901000022888184,9.789999961853027,10.109999656677246,10.109999656677246,327185
2017-09-18,10.130000114440918,10.395000457763672,9.902299880981445,10.100000381469727,10.100000381469727,149801
2017-09-19,10.0649995803833,10.0649995803833,9.890000343322754,9.960000038146973,9.960000038146973,110747
2017-09-20,10.0,10.390000343322754,9.829999923706055,10.25,10.25,241748
2017-09-21,10.210000038146973,10.210000038146973,9.970000267028809,10.079999923706055,10.079999923706055,100981
2017-09-22,10.0,10.180000305175781,9.875300407409668,10.0,10.0,270503
2017-09-25,10.15999984741211,11.210000038146973,10.15999984741211,10.829999923706055,10.829999923706055,298486
2017-09-26,10.869999885559082,11.0,10.649999618530273,10.65999984741211,10.65999984741211,254381
2017-09-27,10.770000457763672,10.954999923706055,10.5,10.550000190734863,10.550000190734863,270169
2017-09-28,10.670000076293945,10.789999961853027,10.4399995803833,10.600000381469727,10.600000381469727,671897
2017-09-29,10.510000228881836,10.510000228881836,10.100799560546875,10.34000015258789,10.34000015258789,188109
2017-10-02,10.239999771118164,10.329999923706055,10.050000190734863,10.289999961853027,10.289999961853027,168749
2017-10-03,10.300000190734863,10.65999984741211,10.130000114440918,10.40999984741211,10.40999984741211,353199
2017-10-04,10.399999618530273,11.09000015258789,9.930000305175781,9.989999771118164,9.989999771118164,155397
2017-10-05,10.0600004196167,10.130000114440918,9.850000381469727,9.960000038146973,9.960000038146973,96324
2017-10-06,9.869999885559082,9.869999885559082,9.03499984741211,9.819999694824219,9.819999694824219,86108
2017-10-09,9.84000015258789,10.470000267028809,9.739999771118164,9.819999694824219,9.819999694824219,94529
2017-10-10,10.010000228881836,10.010000228881836,9.680000305175781,9.729999542236328,9.729999542236328,84305
2017-10-11,9.739999771118164,9.829999923706055,9.610099792480469,9.729999542236328,9.729999542236328,36774
2017-10-12,9.6899995803833,9.6899995803833,9.34000015258789,9.359999656677246,9.359999656677246,109228
2017-10-13,9.489999771118164,9.600000381469727,9.270000457763672,9.300000190734863,9.300000190734863,121831
2017-10-16,9.380000114440918,9.399999618530273,8.9399995803833,9.0,9.0,191253
2017-10-17,9.010000228881836,9.069999694824219,8.539999961853027,8.59000015258789,8.59000015258789,141703
2017-10-18,8.600000381469727,8.880000114440918,8.5,8.619999885559082,8.619999885559082,148575
2017-10-19,8.59000015258789,8.949999809265137,8.529999732971191,8.65999984741211,8.65999984741211,87723
2017-10-20,8.739999771118164,8.739999771118164,8.15999984741211,8.510000228881836,8.510000228881836,364367
2017-10-23,8.5600004196167,8.5600004196167,8.239999771118164,8.300000190734863,8.300000190734863,229366
2017-10-24,8.300000190734863,8.460000038146973,8.25,8.300000190734863,8.300000190734863,116160
2017-10-25,8.3100004196167,8.369999885559082,8.0,8.130000114440918,8.130000114440918,426747
2017-10-26,8.140000343322754,8.140000343322754,7.949999809265137,7.980000019073486,7.980000019073486,355300
2017-10-27,7.980000019073486,8.140000343322754,7.940000057220459,8.09000015258789,8.09000015258789,672755
2017-10-30,8.130000114440918,8.470000267028809,8.100000381469727,8.329999923706055,8.329999923706055,205810
2017-10-31,8.329999923706055,8.889900207519531,8.210000038146973,8.550000190734863,8.550000190734863,211486
2017-11-01,8.649999618530273,9.5,8.609999656677246,8.850000381469727,8.850000381469727,458931
2017-11-02,8.869999885559082,8.968799591064453,8.390000343322754,8.399999618530273,8.399999618530273,163856
2017-11-03,8.479999542236328,8.857999801635742,8.104999542236328,8.449999809265137,8.449999809265137,194331
2017-11-06,8.550000190734863,9.4399995803833,8.5,9.199999809265137,9.199999809265137,420562
2017-11-07,9.399999618530273,9.710000038146973,9.069999694824219,9.239999771118164,9.239999771118164,521279
2017-11-08,9.229999542236328,9.270000457763672,8.630000114440918,8.649999618530273,8.649999618530273,258390
2017-11-09,8.699999809265137,9.0,8.600000381469727,8.819999694824219,8.819999694824219,182387
2017-11-10,8.770000457763672,9.180000305175781,8.713800430297852,8.829999923706055,8.829999923706055,340625
2017-11-13,8.829999923706055,9.0600004196167,8.300000190734863,8.350000381469727,8.350000381469727,239688
2017-11-14,8.550000190734863,8.5600004196167,5.320000171661377,5.489999771118164,5.489999771118164,2571967
2017-11-15,5.460000038146973,5.467599868774414,4.769999980926514,5.019999980926514,5.019999980926514,1211429
2017-11-16,5.03000020980835,5.320000171661377,4.96999979019165,5.199999809265137,5.199999809265137,710147
2017-11-17,5.199999809265137,5.289000034332275,4.840000152587891,4.900000095367432,4.900000095367432,627567
2017-11-20,4.869999885559082,5.039999961853027,4.869999885559082,4.960000038146973,4.960000038146973,457781
2017-11-21,5.0,5.159999847412109,4.929999828338623,5.0,5.0,383600
2017-11-22,5.059999942779541,5.630000114440918,4.989999771118164,5.070000171661377,5.070000171661377,1115468
2017-11-24,5.150000095367432,5.230000019073486,4.900000095367432,5.079999923706055,5.079999923706055,672935
2017-11-27,5.070000171661377,5.110000133514404,4.874899864196777,4.920000076293945,4.920000076293945,687950
2017-11-28,4.940000057220459,5.349999904632568,4.940000057220459,5.090000152587891,5.090000152587891,933739
2017-11-29,5.099999904632568,5.190000057220459,5.0,5.059999942779541,5.059999942779541,564842
2017-11-30,5.059999942779541,5.190000057220459,4.989999771118164,5.019999980926514,5.019999980926514,845421
2017-12-01,5.090000152587891,5.373700141906738,5.050000190734863,5.130000114440918,5.130000114440918,1116899
2017-12-04,5.170000076293945,5.323599815368652,5.039999961853027,5.079999923706055,5.079999923706055,406102
2017-12-05,5.099999904632568,5.130000114440918,4.739500045776367,4.929999828338623,4.929999828338623,908174
2017-12-06,4.920000076293945,5.045000076293945,4.75,4.960000038146973,4.960000038146973,485076
2017-12-07,4.929999828338623,5.199999809265137,4.900000095367432,5.039999961853027,5.039999961853027,577534
2017-12-08,5.070000171661377,5.239999771118164,5.03000020980835,5.099999904632568,5.099999904632568,416559
2017-12-11,5.139999866485596,5.320000171661377,5.039999961853027,5.070000171661377,5.070000171661377,216208
2017-12-12,5.090000152587891,5.320099830627441,5.079999923706055,5.139999866485596,5.139999866485596,442941
2017-12-13,5.130000114440918,5.312699794769287,4.96999979019165,5.050000190734863,5.050000190734863,425290
2017-12-14,5.070000171661377,5.190000057220459,5.039999961853027,5.079999923706055,5.079999923706055,442930
2017-12-15,5.099999904632568,5.179999828338623,4.96999979019165,5.039999961853027,5.039999961853027,481451
2017-12-18,5.039999961853027,5.260000228881836,4.989999771118164,5.010000228881836,5.010000228881836,656104
2017-12-19,5.0,5.269999980926514,5.0,5.039999961853027,5.039999961853027,269297
2017-12-20,5.079999923706055,5.150000095367432,4.96999979019165,5.03000020980835,5.03000020980835,546345
2017-12-21,5.039999961853027,5.300000190734863,4.980000019073486,5.190000057220459,5.190000057220459,776567
2017-12-22,5.210000038146973,5.760000228881836,5.130000114440918,5.670000076293945,5.670000076293945,647817
2017-12-26,5.889999866485596,6.0,5.480000019073486,5.809999942779541,5.809999942779541,730249
2017-12-27,5.849999904632568,6.175000190734863,5.638199806213379,5.679999828338623,5.679999828338623,414414
2017-12-28,5.71999979019165,5.912099838256836,5.639999866485596,5.75,5.75,281455
2017-12-29,5.800000190734863,5.860000133514404,5.71999979019165,5.739999771118164,5.739999771118164,287998
2018-01-02,5.800000190734863,6.28000020980835,5.710000038146973,6.159999847412109,6.159999847412109,610750
2018-01-03,6.28000020980835,6.710000038146973,6.180099964141846,6.460000038146973,6.460000038146973,1094459
2018-01-04,6.690000057220459,6.71999979019165,6.329999923706055,6.690000057220459,6.690000057220459,419828
2018-01-05,6.659999847412109,6.659999847412109,6.349999904632568,6.429999828338623,6.429999828338623,190571
2018-01-08,6.409999847412109,6.414000034332275,6.099999904632568,6.300000190734863,6.300000190734863,214986
2018-01-09,6.309999942779541,6.46999979019165,6.159999847412109,6.309999942779541,6.309999942779541,374785
2018-01-10,6.320000171661377,6.684999942779541,6.300000190734863,6.449999809265137,6.449999809265137,607949
2018-01-11,6.5,7.980000019073486,6.5,7.5,7.5,1844285
2018-01-12,7.53000020980835,7.920000076293945,7.170000076293945,7.53000020980835,7.53000020980835,804101
2018-01-16,7.579999923706055,7.724999904632568,6.929999828338623,7.010000228881836,7.010000228881836,522198
2018-01-17,7.059999942779541,7.179999828338623,6.809999942779541,7.070000171661377,7.070000171661377,618507
2018-01-18,7.079999923706055,7.28000020980835,6.770999908447266,7.0,7.0,667037
2018-01-19,6.920000076293945,7.059999942779541,6.690000057220459,6.96999979019165,6.96999979019165,642959
2018-01-22,6.96999979019165,7.314700126647949,6.925000190734863,6.994999885559082,6.994999885559082,512593
2018-01-23,7.010000228881836,7.739999771118164,6.960000038146973,7.489999771118164,7.489999771118164,1084098
2018-01-24,7.550000190734863,7.860000133514404,7.199999809265137,7.360000133514404,7.360000133514404,446166
2018-01-25,7.599999904632568,8.140000343322754,7.219799995422363,7.309999942779541,7.309999942779541,878689
2018-01-26,7.369999885559082,7.400000095367432,7.084499835968018,7.28000020980835,7.28000020980835,393665
2018-01-29,7.199999809265137,7.260000228881836,7.010000228881836,7.050000190734863,7.050000190734863,308881
2018-01-30,7.0,7.0,6.619999885559082,6.739999771118164,6.739999771118164,759139
2018-01-31,6.78000020980835,6.789999961853027,6.550000190734863,6.710000038146973,6.710000038146973,369443
2018-02-01,6.71999979019165,7.150000095367432,6.650000095367432,6.809999942779541,6.809999942779541,597380
2018-02-02,6.71999979019165,6.760000228881836,6.119999885559082,6.28000020980835,6.28000020980835,652373
2018-02-05,6.110000133514404,6.400000095367432,5.949999809265137,6.010000228881836,6.010000228881836,602509
2018-02-06,5.78000020980835,6.079999923706055,5.679999828338623,5.980000019073486,5.980000019073486,611940
2018-02-07,5.989999771118164,6.139999866485596,5.650000095367432,5.659999847412109,5.659999847412109,531681
2018-02-08,5.679999828338623,5.739999771118164,5.125,5.28000020980835,5.28000020980835,367886
2018-02-09,5.380000114440918,5.380000114440918,4.840000152587891,5.059999942779541,5.059999942779541,865160
2018-02-12,5.139999866485596,6.050000190734863,5.139999866485596,5.789999961853027,5.789999961853027,674589
2018-02-13,5.71999979019165,5.71999979019165,5.460000038146973,5.579999923706055,5.579999923706055,294085
2018-02-14,5.25,5.659900188446045,5.170000076293945,5.5,5.5,525368
2018-02-15,5.53000020980835,5.679999828338623,5.369999885559082,5.550000190734863,5.550000190734863,293417
2018-02-16,5.510000228881836,5.710000038146973,5.489999771118164,5.53000020980835,5.53000020980835,206657
2018-02-20,5.53000020980835,5.920000076293945,5.43120002746582,5.539999961853027,5.539999961853027,493738
2018-02-21,5.53000020980835,5.744999885559082,5.440000057220459,5.460000038146973,5.460000038146973,234618
2018-02-22,5.53000020980835,5.610000133514404,5.179999828338623,5.449999809265137,5.449999809265137,445694
2018-02-23,5.480000019073486,5.730000019073486,5.320000171661377,5.639999866485596,5.639999866485596,378002
2018-02-26,5.690000057220459,5.940000057220459,5.570000171661377,5.880000114440918,5.880000114440918,320721
2018-02-27,5.840000152587891,6.269999980926514,5.840000152587891,5.889999866485596,5.889999866485596,570823
2018-02-28,5.949999809265137,5.960000038146973,5.210000038146973,5.25,5.25,445241
2018-03-01,5.239999771118164,5.550000190734863,5.179999828338623,5.309999942779541,5.309999942779541,577944
2018-03-02,5.260000228881836,5.46999979019165,5.050000190734863,5.429999828338623,5.429999828338623,400564
2018-03-05,5.369999885559082,5.769999980926514,5.329999923706055,5.710000038146973,5.710000038146973,322418
2018-03-06,5.739999771118164,5.789999961853027,5.619999885559082,5.690000057220459,5.690000057220459,216711
2018-03-07,5.639999866485596,5.840000152587891,5.639999866485596,5.75,5.75,377200
2018-03-08,5.78000020980835,5.829999923706055,5.570000171661377,5.769999980926514,5.769999980926514,283859
2018-03-09,5.849999904632568,6.150000095367432,5.730000019073486,6.019999980926514,6.019999980926514,358770
2018-03-12,6.019999980926514,6.389999866485596,5.940000057220459,6.369999885559082,6.369999885559082,470288
2018-03-13,6.440000057220459,6.462600231170654,5.699999809265137,5.789999961853027,5.789999961853027,602827
2018-03-14,5.820000171661377,5.940000057220459,5.599999904632568,5.610000133514404,5.610000133514404,246624
2018-03-15,5.619999885559082,5.695099830627441,5.347300052642822,5.409999847412109,5.409999847412109,378856
2018-03-16,5.650000095367432,5.650000095367432,3.8499999046325684,4.079999923706055,4.079999923706055,3004311
2018-03-19,4.0,4.199999809265137,3.7109999656677246,4.099999904632568,4.099999904632568,1730636
2018-03-20,4.119999885559082,4.179999828338623,3.7200000286102295,3.880000114440918,3.880000114440918,842638
2018-03-21,3.809999942779541,4.150000095367432,3.809999942779541,3.950000047683716,3.950000047683716,558436
2018-03-22,3.9700000286102295,3.9700000286102295,3.759999990463257,3.7899999618530273,3.7899999618530273,437402
2018-03-23,3.809999942779541,4.119999885559082,3.6600000858306885,3.9100000858306885,3.9100000858306885,544887
2018-03-26,3.990000009536743,4.039999961853027,3.5199999809265137,3.819999933242798,3.819999933242798,843688
2018-03-27,3.859999895095825,3.859999895095825,3.4075000286102295,3.490000009536743,3.490000009536743,705167
2018-03-28,3.5799999237060547,3.7799999713897705,3.5,3.684999942779541,3.684999942779541,539113
2018-03-29,3.680000066757202,3.880000114440918,3.5450000762939453,3.8399999141693115,3.8399999141693115,473140
2018-04-02,3.930000066757202,3.930000066757202,3.450000047683716,3.744999885559082,3.744999885559082,410256
2018-04-03,3.759999990463257,3.809999942779541,3.609999895095825,3.7950000762939453,3.7950000762939453,206761
2018-04-04,3.700000047683716,3.880000114440918,3.6500000953674316,3.8299999237060547,3.8299999237060547,273977
2018-04-05,3.869999885559082,4.099999904632568,3.809999942779541,3.9800000190734863,3.9800000190734863,373751
2018-04-06,3.950000047683716,3.990000009536743,3.6500000953674316,3.7100000381469727,3.7100000381469727,260948
2018-04-09,3.7799999713897705,3.8299999237060547,3.700000047683716,3.7200000286102295,3.7200000286102295,199229
2018-04-10,3.809999942779541,4.099999904632568,3.7799999713897705,4.070000171661377,4.070000171661377,408644
2018-04-11,4.059999942779541,4.909999847412109,3.9800000190734863,4.75,4.75,538986
2018-04-12,4.760000228881836,4.829999923706055,4.5,4.800000190734863,4.800000190734863,365550
2018-04-13,4.840000152587891,5.78000020980835,4.840000152587891,5.539999961853027,5.539999961853027,637160
2018-04-16,5.519999980926514,5.820000171661377,5.190000057220459,5.769999980926514,5.769999980926514,641027
2018-04-17,5.739999771118164,5.909999847412109,5.519999980926514,5.53000020980835,5.53000020980835,433050
2018-04-18,5.679999828338623,6.251999855041504,5.610000133514404,5.900000095367432,5.900000095367432,857811
2018-04-19,6.010000228881836,6.269999980926514,5.75,5.860000133514404,5.860000133514404,420982
2018-04-20,5.78000020980835,6.059999942779541,5.71999979019165,5.989999771118164,5.989999771118164,347397
2018-04-23,5.929999828338623,5.929999828338623,5.679999828338623,5.849999904632568,5.849999904632568,301671
2018-04-24,5.809999942779541,6.0,5.510000228881836,5.619999885559082,5.619999885559082,351988
2018-04-25,5.639999866485596,5.800000190734863,5.400000095367432,5.710000038146973,5.710000038146973,319300
2018-04-26,5.800000190734863,6.0,5.480000019073486,5.679999828338623,5.679999828338623,282628
2018-04-27,5.650000095367432,5.710000038146973,5.5,5.599999904632568,5.599999904632568,125968
2018-04-30,5.599999904632568,5.920000076293945,5.5,5.78000020980835,5.78000020980835,302866
2018-05-01,5.730000019073486,5.829899787902832,5.559999942779541,5.78000020980835,5.78000020980835,272123
2018-05-02,5.78000020980835,6.579999923706055,5.78000020980835,6.300000190734863,6.300000190734863,1277143
2018-05-03,6.329999923706055,6.599999904632568,6.209000110626221,6.519999980926514,6.519999980926514,604743
2018-05-04,6.46999979019165,6.650000095367432,6.25,6.570000171661377,6.570000171661377,601727
2018-05-07,6.659999847412109,7.5,6.659999847412109,7.019999980926514,7.019999980926514,788351
2018-05-08,7.119999885559082,7.253499984741211,6.619999885559082,7.190000057220459,7.190000057220459,631458
2018-05-09,7.480000019073486,8.279999732971191,7.369999885559082,7.480000019073486,7.480000019073486,1542361
2018-05-10,8.0,8.619999885559082,6.260000228881836,6.880000114440918,6.880000114440918,1661731
2018-05-11,6.900000095367432,7.239999771118164,6.539999961853027,6.730000019073486,6.730000019073486,891434
2018-05-14,6.769999980926514,7.348999977111816,6.660999774932861,7.199999809265137,7.199999809265137,637345
2018-05-15,7.260000228881836,8.069999694824219,7.260000228881836,7.840000152587891,7.840000152587891,947084
2018-05-16,7.889999866485596,8.140000343322754,7.409999847412109,7.480000019073486,7.480000019073486,848473
2018-05-17,7.630000114440918,8.09000015258789,7.559999942779541,7.760000228881836,7.760000228881836,954304
2018-05-18,7.800000190734863,7.800000190734863,7.414999961853027,7.539999961853027,7.539999961853027,534450
2018-05-21,7.690000057220459,7.991600036621094,7.449999809265137,7.900000095367432,7.900000095367432,397422
2018-05-22,7.900000095367432,8.529999732971191,7.800000190734863,8.010000228881836,8.010000228881836,1613237
2018-05-23,8.119999885559082,8.479999542236328,7.849999904632568,8.029999732971191,8.029999732971191,506695
2018-05-24,7.860000133514404,7.889999866485596,7.440000057220459,7.590000152587891,7.590000152587891,450690
2018-05-25,7.489999771118164,7.489999771118164,6.920000076293945,7.090000152587891,7.090000152587891,497216
2018-05-29,6.980000019073486,7.159999847412109,6.880000114440918,6.920000076293945,6.920000076293945,632729
2018-05-30,6.960000038146973,7.449999809265137,6.960000038146973,7.309999942779541,7.309999942779541,362970
2018-05-31,7.21999979019165,7.718999862670898,7.21999979019165,7.519999980926514,7.519999980926514,476202
2018-06-01,7.559999942779541,7.739999771118164,7.159999847412109,7.400000095367432,7.400000095367432,419006
2018-06-04,7.420000076293945,7.489999771118164,6.950099945068359,6.980000019073486,6.980000019073486,315236
2018-06-05,6.980000019073486,7.419000148773193,6.78000020980835,7.239999771118164,7.239999771118164,396231
2018-06-06,7.230000019073486,7.389999866485596,7.059999942779541,7.369999885559082,7.369999885559082,288932
2018-06-07,7.409999847412109,8.130000114440918,7.409999847412109,7.900000095367432,7.900000095367432,520531
2018-06-08,7.940000057220459,7.94350004196167,7.590099811553955,7.769999980926514,7.769999980926514,172588
2018-06-11,7.739999771118164,8.079999923706055,7.619999885559082,7.940000057220459,7.940000057220459,205228
2018-06-12,7.920000076293945,8.129899978637695,7.730000019073486,7.889999866485596,7.889999866485596,184035
2018-06-13,7.789999961853027,7.949999809265137,7.710100173950195,7.840000152587891,7.840000152587891,186247
2018-06-14,7.849999904632568,7.922800064086914,7.289999961853027,7.480000019073486,7.480000019073486,356445
2018-06-15,7.409999847412109,7.559999942779541,7.075200080871582,7.489999771118164,7.489999771118164,743078
2018-06-18,8.949999809265137,8.960000038146973,8.800000190734863,8.9399995803833,8.9399995803833,9899964
2018-06-19,8.90999984741211,9.069999694824219,8.90999984741211,8.970000267028809,8.970000267028809,6429566
2018-06-20,8.989999771118164,9.0,8.970000267028809,8.970000267028809,8.970000267028809,3741857
2018-06-21,8.979999542236328,9.0,8.9399995803833,8.949999809265137,8.949999809265137,1640685
2018-06-22,8.970000267028809,9.119999885559082,8.949999809265137,9.039999961853027,9.039999961853027,2173241
2018-06-25,9.010000228881836,9.069999694824219,8.960000038146973,8.979999542236328,8.979999542236328,1822366
2018-06-26,9.010000228881836,9.015000343322754,8.949999809265137,8.970000267028809,8.970000267028809,1091854
2018-06-27,8.989999771118164,9.020000457763672,8.84000015258789,8.850000381469727,8.850000381469727,2009635
2018-06-28,8.880000114440918,9.0,8.670000076293945,8.949999809265137,8.949999809265137,875501
2018-06-29,8.899999618530273,8.970000267028809,8.770000457763672,8.84000015258789,8.84000015258789,972765
2018-07-02,8.819999694824219,9.0,8.819999694824219,8.970000267028809,8.970000267028809,816158
2018-07-03,8.989999771118164,9.260000228881836,8.930000305175781,9.0,9.0,518433
2018-07-05,9.039999961853027,9.050000190734863,8.949999809265137,9.0,9.0,905278
2018-07-06,9.0,9.039999961853027,8.90999984741211,9.0,9.0,315069
2018-07-09,9.0,9.100000381469727,8.960000038146973,9.029999732971191,9.029999732971191,532994
2018-07-10,9.039999961853027,9.100000381469727,8.9399995803833,8.979999542236328,8.979999542236328,402121
2018-07-11,8.970000267028809,9.0600004196167,8.954999923706055,8.970000267028809,8.970000267028809,564407
2018-07-12,8.979999542236328,9.029999732971191,8.9399995803833,9.010000228881836,9.010000228881836,402502
2018-07-13,8.989999771118164,9.0,8.930000305175781,8.9399995803833,8.9399995803833,632582
2018-07-16,8.9399995803833,8.989999771118164,8.90999984741211,8.949999809265137,8.949999809265137,710835
2018-07-17,8.9399995803833,8.975000381469727,8.920000076293945,8.960000038146973,8.960000038146973,293833
2018-07-18,8.9399995803833,9.002099990844727,8.920000076293945,8.949999809265137,8.949999809265137,424527
2018-07-19,8.960000038146973,8.979999542236328,8.944999694824219,8.970000267028809,8.970000267028809,339526
2018-07-20,8.979999542236328,9.005000114440918,8.9399995803833,8.989999771118164,8.989999771118164,264268
2018-07-23,8.989999771118164,9.0,8.9399995803833,8.949999809265137,8.949999809265137,400991
2018-07-24,8.979999542236328,9.010000228881836,8.9399995803833,8.949999809265137,8.949999809265137,504855
2018-07-25,8.960000038146973,9.010000228881836,8.9399995803833,8.970000267028809,8.970000267028809,321206
2018-07-26,8.970000267028809,9.005000114440918,8.920000076293945,8.949999809265137,8.949999809265137,519880
2018-07-27,8.949999809265137,8.949999809265137,8.899999618530273,8.920000076293945,8.920000076293945,517263
2018-07-30,8.9399995803833,8.989999771118164,8.850000381469727,8.890000343322754,8.890000343322754,672832
2018-07-31,8.899999618530273,8.960000038146973,8.859999656677246,8.949999809265137,8.949999809265137,308970
2018-08-01,8.949999809265137,9.020000457763672,8.949999809265137,8.979999542236328,8.979999542236328,863724
2018-08-02,8.979999542236328,9.010000228881836,8.949999809265137,9.0,9.0,709143
2018-08-03,8.989999771118164,9.03499984741211,8.989999771118164,9.010000228881836,9.010000228881836,656601
2018-08-06,9.020000457763672,9.030599594116211,8.994999885559082,9.0,9.0,308905
2018-08-07,9.020000457763672,9.050000190734863,9.0,9.010000228881836,9.010000228881836,393533
2018-08-08,9.010000228881836,9.020000457763672,8.979999542236328,9.0,9.0,343539
2018-08-09,8.989999771118164,9.010000228881836,8.975000381469727,8.989999771118164,8.989999771118164,411144
2018-08-10,8.989999771118164,9.010000228881836,8.979999542236328,8.989999771118164,8.989999771118164,237187
2018-08-13,8.989999771118164,9.005000114440918,8.96500015258789,8.979999542236328,8.979999542236328,611605
2018-08-14,8.989999771118164,8.989999771118164,8.970000267028809,8.970000267028809,8.970000267028809,769377
2018-08-15,8.970000267028809,8.989999771118164,8.960000038146973,8.979999542236328,8.979999542236328,393900
2018-08-16,8.979999542236328,9.039999961853027,8.979999542236328,9.039999961853027,9.039999961853027,363043
2018-08-17,9.020000457763672,9.069999694824219,9.020000457763672,9.029999732971191,9.029999732971191,190260
2018-08-20,9.029999732971191,9.0649995803833,8.989999771118164,9.0,9.0,358379
2018-08-21,9.020000457763672,9.029999732971191,9.010000228881836,9.010000228881836,9.010000228881836,238901
2018-08-22,9.029999732971191,9.039999961853027,9.010000228881836,9.020000457763672,9.020000457763672,245784
2018-08-23,9.020000457763672,9.029999732971191,9.010000228881836,9.010000228881836,9.010000228881836,126494
2018-08-24,9.020000457763672,9.050000190734863,9.010000228881836,9.029999732971191,9.029999732971191,219695
2018-08-27,9.029999732971191,9.050000190734863,9.0,9.020000457763672,9.020000457763672,359521
2018-08-28,9.039999961853027,9.069999694824219,9.039999961853027,9.0600004196167,9.0600004196167,192859
2018-08-29,9.0600004196167,9.079999923706055,9.020000457763672,9.039999961853027,9.039999961853027,481815
2018-08-30,9.050000190734863,9.069999694824219,9.029999732971191,9.029999732971191,9.029999732971191,441713
2018-08-31,9.039999961853027,9.050000190734863,9.029999732971191,9.050000190734863,9.050000190734863,1542374
2018-09-04,9.039999961853027,9.050000190734863,9.010000228881836,9.039999961853027,9.039999961853027,646551
2018-09-05,9.039999961853027,9.050000190734863,9.020000457763672,9.039999961853027,9.039999961853027,1552374
2018-09-06,9.029999732971191,9.100000381469727,9.029999732971191,9.074999809265137,9.074999809265137,540237
2018-09-07,9.079999923706055,9.100000381469727,9.079999923706055,9.100000381469727,9.100000381469727,528169
2018-09-10,9.050000190734863,9.050000190734863,7.869999885559082,8.520000457763672,8.520000457763672,3184910
2018-09-11,8.529999732971191,8.869999885559082,8.279999732971191,8.729999542236328,8.729999542236328,542283
2018-09-12,8.75,8.8100004196167,8.149999618530273,8.289999961853027,8.289999961853027,476708
2018-09-13,8.319999694824219,8.319999694824219,7.949999809265137,8.020000457763672,8.020000457763672,1004393
2018-09-14,8.010000228881836,8.489999771118164,7.980000019073486,8.260000228881836,8.260000228881836,555129
2018-09-17,8.239999771118164,8.25,7.71999979019165,7.849999904632568,7.849999904632568,1018185
2018-09-18,7.849999904632568,8.0,7.539999961853027,7.599999904632568,7.599999904632568,518894
2018-09-19,7.599999904632568,7.599999904632568,6.530099868774414,6.630000114440918,6.630000114440918,2222459
2018-09-20,6.599999904632568,6.599999904632568,6.125,6.179999828338623,6.179999828338623,3685713
2018-09-21,7.400000095367432,8.079999923706055,6.730000019073486,7.869999885559082,7.869999885559082,5541945
2018-09-24,7.900000095367432,8.079999923706055,7.559999942779541,7.860000133514404,7.860000133514404,1177446
2018-09-25,7.920000076293945,8.010000228881836,7.800000190734863,7.809999942779541,7.809999942779541,763815
2018-09-26,7.760000228881836,8.085000038146973,7.579999923706055,8.020000457763672,8.020000457763672,668447
2018-09-27,8.029999732971191,8.25,7.980000019073486,8.100000381469727,8.100000381469727,471373
2018-09-28,8.130000114440918,8.460000038146973,8.109999656677246,8.359999656677246,8.359999656677246,930755
2018-10-01,8.369999885559082,8.430000305175781,8.210000038146973,8.270000457763672,8.270000457763672,615817
2018-10-02,8.300000190734863,8.3100004196167,7.570000171661377,7.769999980926514,7.769999980926514,1271353
2018-10-03,7.860000133514404,8.194999694824219,7.769999980926514,8.010000228881836,8.010000228881836,882030
2018-10-04,7.929999828338623,8.104999542236328,7.829999923706055,7.860000133514404,7.860000133514404,462147
2018-10-05,7.880000114440918,8.03499984741211,7.820000171661377,7.900000095367432,7.900000095367432,651210
2018-10-08,7.900000095367432,8.149999618530273,7.800000190734863,7.880000114440918,7.880000114440918,725093
2018-10-09,7.889999866485596,8.10990047454834,7.25,7.630000114440918,7.630000114440918,1121963
2018-10-10,7.53000020980835,8.350000381469727,7.050000190734863,7.989999771118164,7.989999771118164,1561939
2018-10-11,8.0600004196167,8.079999923706055,7.650000095367432,7.960000038146973,7.960000038146973,1000987
2018-10-12,8.010000228881836,8.260000228881836,7.920000076293945,8.149999618530273,8.149999618530273,673718
2018-10-15,8.25,8.5,8.170000076293945,8.399999618530273,8.399999618530273,792409
2018-10-16,8.430000305175781,8.5,7.659999847412109,8.380000114440918,8.380000114440918,2177541
2018-10-17,8.3100004196167,8.579999923706055,7.849999904632568,8.319999694824219,8.319999694824219,1205957
2018-10-18,8.960000038146973,9.100000381469727,8.9399995803833,9.100000381469727,9.100000381469727,12489866
2018-10-19,9.100000381469727,9.100000381469727,9.100000381469727,9.100000381469727,9.100000381469727,0
2018-10-22,9.100000381469727,9.100000381469727,9.100000381469727,9.100000381469727,9.100000381469727,0
2018-10-23,9.100000381469727,9.100000381469727,9.100000381469727,9.100000381469727,9.100000381469727,0
2018-10-24,9.100000381469727,9.100000381469727,9.100000381469727,9.100000381469727,9.100000381469727,0
2018-10-25,9.100000381469727,9.100000381469727,9.100000381469727,9.100000381469727,9.100000381469727,0
2018-10-26,9.100000381469727,9.100000381469727,9.100000381469727,9.100000381469727,9.100000381469727,0
